Terminals unused in grammar

   TOK_ABSTRACT_SYNTAX
   TOK_ENCODED
   TOK_MINUS_INFINITY
   TOK_PLUS_INFINITY
   TOK_TYPE_IDENTIFIER
   "concrete TypeDeclaration"


State 224 conflicts: 1 shift/reduce
State 225 conflicts: 1 shift/reduce
State 235 conflicts: 1 shift/reduce
State 236 conflicts: 1 shift/reduce
State 317 conflicts: 2 reduce/reduce


Grammar

    0 $accept: ParsedGrammar $end

    1 ParsedGrammar: "UTF-8 byte order mark" ModuleList
    2              | ModuleList

    3 ModuleList: ModuleDefinition
    4           | ModuleList ModuleDefinition

    5 $@1: /* empty */

    6 ModuleDefinition: TypeRefName $@1 optObjectIdentifier TOK_DEFINITIONS optModuleDefinitionFlags TOK_PPEQ TOK_BEGIN optModuleBody TOK_END

    7 optObjectIdentifier: /* empty */
    8                    | ObjectIdentifier

    9 ObjectIdentifier: '{' ObjectIdentifierBody '}'
   10                 | '{' '}'

   11 ObjectIdentifierBody: ObjectIdentifierElement
   12                     | ObjectIdentifierBody ObjectIdentifierElement

   13 ObjectIdentifierElement: Identifier
   14                        | Identifier '(' "number" ')'
   15                        | "number"

   16 optModuleDefinitionFlags: /* empty */
   17                         | ModuleDefinitionFlags

   18 ModuleDefinitionFlags: ModuleDefinitionFlag
   19                      | ModuleDefinitionFlags ModuleDefinitionFlag

   20 ModuleDefinitionFlag: TOK_EXPLICIT TOK_TAGS
   21                     | TOK_IMPLICIT TOK_TAGS
   22                     | TOK_AUTOMATIC TOK_TAGS
   23                     | TOK_EXTENSIBILITY TOK_IMPLIED
   24                     | TOK_capitalreference TOK_INSTRUCTIONS

   25 optModuleBody: /* empty */
   26              | ModuleBody

   27 ModuleBody: optExports optImports AssignmentList

   28 AssignmentList: Assignment
   29               | AssignmentList Assignment

   30 Assignment: DataTypeReference
   31           | ValueAssignment
   32           | ValueSetTypeAssignment

   33 $@2: /* empty */

   34 Assignment: TOK_ENCODING_CONTROL TOK_capitalreference $@2
   35           | BasicString

   36 optImports: /* empty */
   37           | ImportsDefinition

   38 ImportsDefinition: TOK_IMPORTS optImportsBundleSet ';'
   39                  | TOK_IMPORTS TOK_FROM

   40 optImportsBundleSet: /* empty */
   41                    | ImportsBundleSet

   42 ImportsBundleSet: ImportsBundle
   43                 | ImportsBundleSet ImportsBundle

   44 AssignedIdentifier: /* empty */
   45                   | ObjectIdentifier

   46 ImportsBundle: ImportsList TOK_FROM TypeRefName AssignedIdentifier

   47 ImportsList: ImportsElement
   48            | ImportsList ',' ImportsElement

   49 ImportsElement: TypeRefName
   50               | TypeRefName '{' '}'
   51               | Identifier

   52 optExports: /* empty */
   53           | ExportsDefinition

   54 ExportsDefinition: TOK_EXPORTS ExportsBody ';'
   55                  | TOK_EXPORTS TOK_ALL ';'
   56                  | TOK_EXPORTS ';'

   57 ExportsBody: ExportsElement
   58            | ExportsBody ',' ExportsElement

   59 ExportsElement: TypeRefName
   60               | TypeRefName '{' '}'
   61               | Identifier

   62 ValueSet: '{' ElementSetSpecs '}'

   63 ValueSetTypeAssignment: TypeRefName Type TOK_PPEQ ValueSet

   64 DefinedType: ComplexTypeReference
   65            | ComplexTypeReference '{' ActualParameterList '}'

   66 DataTypeReference: TypeRefName TOK_PPEQ Type
   67                  | TypeRefName TOK_PPEQ ObjectClass
   68                  | TypeRefName '{' ParameterArgumentList '}' TOK_PPEQ Type
   69                  | TypeRefName '{' ParameterArgumentList '}' TOK_PPEQ ObjectClass

   70 ParameterArgumentList: ParameterArgumentName
   71                      | ParameterArgumentList ',' ParameterArgumentName

   72 ParameterArgumentName: TypeRefName
   73                      | TypeRefName ':' Identifier
   74                      | TypeRefName ':' TypeRefName
   75                      | BasicTypeId ':' Identifier
   76                      | BasicTypeId ':' TypeRefName

   77 ActualParameterList: ActualParameter
   78                    | ActualParameterList ',' ActualParameter

   79 ActualParameter: UntaggedType
   80                | SimpleValue
   81                | DefinedValue
   82                | ValueSet

   83 optComponentTypeLists: /* empty */
   84                      | ComponentTypeLists

   85 ComponentTypeLists: ComponentType
   86                   | ComponentTypeLists ',' ComponentType
   87                   | ComponentTypeLists ',' TOK_VBracketLeft ComponentTypeLists TOK_VBracketRight

   88 ComponentType: Identifier MaybeIndirectTaggedType optMarker
   89              | MaybeIndirectTaggedType optMarker
   90              | TOK_COMPONENTS TOK_OF MaybeIndirectTaggedType
   91              | ExtensionAndException

   92 AlternativeTypeLists: AlternativeType
   93                     | AlternativeTypeLists ',' AlternativeType
   94                     | AlternativeTypeLists ',' TOK_VBracketLeft AlternativeTypeLists TOK_VBracketRight

   95 AlternativeType: Identifier MaybeIndirectTaggedType
   96                | ExtensionAndException
   97                | MaybeIndirectTaggedType

   98 ObjectClass: TOK_CLASS '{' FieldSpec '}' optWithSyntax

   99 optUNIQUE: /* empty */
  100          | TOK_UNIQUE

  101 FieldSpec: ClassField
  102          | FieldSpec ',' ClassField

  103 ClassField: TOK_typefieldreference optMarker
  104           | TOK_valuefieldreference Type optUNIQUE optMarker
  105           | TOK_valuefieldreference FieldName optMarker
  106           | TOK_valuefieldreference DefinedObjectClass optMarker
  107           | TOK_typefieldreference FieldName optMarker
  108           | TOK_typefieldreference Type optMarker
  109           | TOK_typefieldreference DefinedObjectClass optMarker

  110 optWithSyntax: /* empty */
  111              | WithSyntax

  112 $@3: /* empty */

  113 WithSyntax: TOK_WITH TOK_SYNTAX '{' $@3 WithSyntaxList '}'

  114 WithSyntaxList: WithSyntaxToken
  115               | WithSyntaxList WithSyntaxToken

  116 WithSyntaxToken: TOK_whitespace
  117                | TOK_Literal
  118                | PrimitiveFieldReference
  119                | '[' WithSyntaxList ']'

  120 ExtensionAndException: "..."
  121                      | "..." '!' DefinedValue
  122                      | "..." '!' SignedNumber

  123 Type: TaggedType

  124 TaggedType: optTag UntaggedType

  125 DefinedUntaggedType: DefinedType optManyConstraints

  126 UntaggedType: TypeDeclaration optManyConstraints

  127 MaybeIndirectTaggedType: optTag MaybeIndirectTypeDeclaration optManyConstraints

  128 NSTD_IndirectMarker: /* empty */

  129 MaybeIndirectTypeDeclaration: NSTD_IndirectMarker TypeDeclaration

  130 TypeDeclaration: ConcreteTypeDeclaration
  131                | DefinedType

  132 ConcreteTypeDeclaration: BuiltinType
  133                        | TOK_CHOICE '{' AlternativeTypeLists '}'
  134                        | TOK_SEQUENCE '{' optComponentTypeLists '}'
  135                        | TOK_SET '{' optComponentTypeLists '}'
  136                        | TOK_SEQUENCE optSizeOrConstraint TOK_OF optIdentifier optTag MaybeIndirectTypeDeclaration
  137                        | TOK_SET optSizeOrConstraint TOK_OF optIdentifier optTag MaybeIndirectTypeDeclaration
  138                        | TOK_ANY
  139                        | TOK_ANY TOK_DEFINED TOK_BY Identifier
  140                        | TOK_INSTANCE TOK_OF ComplexTypeReference

  141 ComplexTypeReference: TOK_typereference
  142                     | TOK_capitalreference
  143                     | TOK_typereference '.' TypeRefName
  144                     | TOK_capitalreference '.' TypeRefName
  145                     | TOK_capitalreference '.' ComplexTypeReferenceAmpList

  146 ComplexTypeReferenceAmpList: ComplexTypeReferenceElement
  147                            | ComplexTypeReferenceAmpList '.' ComplexTypeReferenceElement

  148 ComplexTypeReferenceElement: PrimitiveFieldReference

  149 PrimitiveFieldReference: TOK_typefieldreference
  150                        | TOK_valuefieldreference

  151 FieldName: TOK_typefieldreference
  152          | FieldName '.' TOK_typefieldreference
  153          | FieldName '.' TOK_valuefieldreference

  154 DefinedObjectClass: TOK_capitalreference

  155 ValueAssignment: Identifier Type TOK_PPEQ Value

  156 Value: SimpleValue
  157      | DefinedValue

  158 $@4: /* empty */

  159 Value: '{' $@4 Opaque

  160 SimpleValue: TOK_NULL
  161            | TOK_FALSE
  162            | TOK_TRUE
  163            | SignedNumber
  164            | RealValue
  165            | RestrictedCharacterStringValue
  166            | BitStringValue

  167 DefinedValue: IdentifierAsValue
  168             | TypeRefName '.' Identifier

  169 RestrictedCharacterStringValue: TOK_cstring
  170                               | TOK_tuple
  171                               | TOK_quadruple

  172 Opaque: OpaqueFirstToken
  173       | Opaque TOK_opaque

  174 OpaqueFirstToken: TOK_opaque
  175                 | Identifier

  176 BasicTypeId: TOK_BOOLEAN
  177            | TOK_NULL
  178            | TOK_REAL
  179            | TOK_OCTET TOK_STRING
  180            | TOK_OBJECT TOK_IDENTIFIER
  181            | TOK_RELATIVE_OID
  182            | TOK_EXTERNAL
  183            | TOK_EMBEDDED TOK_PDV
  184            | TOK_CHARACTER TOK_STRING
  185            | TOK_UTCTime
  186            | TOK_GeneralizedTime
  187            | BasicString
  188            | BasicTypeId_UniverationCompatible

  189 BasicTypeId_UniverationCompatible: TOK_INTEGER
  190                                  | TOK_ENUMERATED
  191                                  | TOK_BIT TOK_STRING

  192 BuiltinType: BasicTypeId
  193            | TOK_INTEGER '{' NamedNumberList '}'
  194            | TOK_ENUMERATED '{' Enumerations '}'
  195            | TOK_BIT TOK_STRING '{' NamedBitList '}'
  196            | TOK_ExtValue_BIT_STRING '{' IdentifierList '}'
  197            | TOK_ExtValue_BIT_STRING '{' '}'

  198 BasicString: TOK_BMPString
  199            | TOK_GeneralString
  200            | TOK_GraphicString
  201            | TOK_IA5String
  202            | TOK_ISO646String
  203            | TOK_NumericString
  204            | TOK_PrintableString
  205            | TOK_T61String
  206            | TOK_TeletexString
  207            | TOK_UniversalString
  208            | TOK_UTF8String
  209            | TOK_VideotexString
  210            | TOK_VisibleString
  211            | TOK_ObjectDescriptor

  212 UnionMark: '|'
  213          | TOK_UNION

  214 IntersectionMark: '^'
  215                 | TOK_INTERSECTION

  216 optConstraint: /* empty */
  217              | Constraint

  218 optManyConstraints: /* empty */
  219                   | ManyConstraints

  220 optSizeOrConstraint: /* empty */
  221                    | Constraint
  222                    | SizeConstraint

  223 Constraint: '(' ConstraintSpec ')'

  224 ManyConstraints: Constraint
  225                | ManyConstraints Constraint

  226 ConstraintSpec: SubtypeConstraint
  227               | GeneralConstraint

  228 SubtypeConstraint: ElementSetSpecs

  229 ElementSetSpecs: "..."
  230                | ElementSetSpec
  231                | ElementSetSpec ',' "..."
  232                | ElementSetSpec ',' "..." ',' ElementSetSpec

  233 ElementSetSpec: Unions
  234               | TOK_ALL TOK_EXCEPT Elements

  235 Unions: Intersections
  236       | Unions UnionMark Intersections

  237 Intersections: IntersectionElements
  238              | Intersections IntersectionMark IntersectionElements

  239 IntersectionElements: Elements
  240                     | Elements TOK_EXCEPT Elements

  241 Elements: SubtypeElements
  242         | '(' ElementSetSpec ')'

  243 SubtypeElements: SingleValue
  244                | ContainedSubtype
  245                | PermittedAlphabet
  246                | SizeConstraint
  247                | InnerTypeConstraints
  248                | PatternConstraint
  249                | ValueRange

  250 PermittedAlphabet: TOK_FROM Constraint

  251 SizeConstraint: TOK_SIZE Constraint

  252 PatternConstraint: TOK_PATTERN TOK_cstring
  253                  | TOK_PATTERN Identifier

  254 ValueRange: LowerEndValue ConstraintRangeSpec UpperEndValue

  255 LowerEndValue: SingleValue
  256              | TOK_MIN

  257 UpperEndValue: SingleValue
  258              | TOK_MAX

  259 SingleValue: Value

  260 BitStringValue: TOK_bstring
  261               | TOK_hstring

  262 ContainedSubtype: TOK_INCLUDES Type
  263                 | DefinedUntaggedType

  264 InnerTypeConstraints: TOK_WITH TOK_COMPONENT SingleTypeConstraint
  265                     | TOK_WITH TOK_COMPONENTS MultipleTypeConstraints

  266 SingleTypeConstraint: Constraint

  267 MultipleTypeConstraints: FullSpecification
  268                        | PartialSpecification

  269 FullSpecification: '{' TypeConstraints '}'

  270 PartialSpecification: '{' "..." ',' TypeConstraints '}'

  271 TypeConstraints: NamedConstraint
  272                | TypeConstraints ',' NamedConstraint

  273 NamedConstraint: IdentifierAsValue optConstraint optPresenceConstraint

  274 optPresenceConstraint: /* empty */
  275                      | PresenceConstraint

  276 PresenceConstraint: TOK_PRESENT
  277                   | TOK_ABSENT
  278                   | TOK_OPTIONAL

  279 GeneralConstraint: UserDefinedConstraint
  280                  | TableConstraint
  281                  | ContentsConstraint

  282 $@5: /* empty */

  283 UserDefinedConstraint: TOK_CONSTRAINED TOK_BY '{' $@5 Opaque

  284 ContentsConstraint: TOK_CONTAINING Type

  285 ConstraintRangeSpec: ".."
  286                    | ".." '<'
  287                    | '<' ".."
  288                    | '<' ".." '<'

  289 TableConstraint: SimpleTableConstraint
  290                | ComponentRelationConstraint

  291 SimpleTableConstraint: '{' TypeRefName '}'

  292 ComponentRelationConstraint: SimpleTableConstraint '{' AtNotationList '}'

  293 AtNotationList: AtNotationElement
  294               | AtNotationList ',' AtNotationElement

  295 AtNotationElement: '@' ComponentIdList
  296                  | '@' '.' ComponentIdList

  297 ComponentIdList: Identifier
  298                | ComponentIdList '.' Identifier

  299 optMarker: /* empty */
  300          | Marker

  301 Marker: TOK_OPTIONAL
  302       | TOK_DEFAULT Value

  303 IdentifierList: IdentifierElement
  304               | IdentifierList ',' IdentifierElement

  305 IdentifierElement: Identifier

  306 NamedNumberList: NamedNumber
  307                | NamedNumberList ',' NamedNumber

  308 NamedNumber: Identifier '(' SignedNumber ')'
  309            | Identifier '(' DefinedValue ')'

  310 NamedBitList: NamedBit
  311             | NamedBitList ',' NamedBit

  312 NamedBit: Identifier '(' "number" ')'
  313         | Identifier '(' DefinedValue ')'

  314 Enumerations: UniverationList

  315 UniverationList: UniverationElement
  316                | UniverationList ',' UniverationElement

  317 UniverationElement: Identifier
  318                   | Identifier '(' SignedNumber ')'
  319                   | Identifier '(' DefinedValue ')'
  320                   | SignedNumber
  321                   | "..."

  322 SignedNumber: "number"
  323             | "negative number"

  324 RealValue: TOK_realnumber

  325 optTag: /* empty */
  326       | Tag

  327 Tag: TagTypeValue TagPlicit

  328 TagTypeValue: '[' TagClass "number" ']'

  329 TagClass: /* empty */
  330         | TOK_UNIVERSAL
  331         | TOK_APPLICATION
  332         | TOK_PRIVATE

  333 TagPlicit: /* empty */
  334          | TOK_IMPLICIT
  335          | TOK_EXPLICIT

  336 TypeRefName: TOK_typereference
  337            | TOK_capitalreference

  338 optIdentifier: /* empty */
  339              | Identifier

  340 Identifier: "identifier"

  341 IdentifierAsReference: Identifier

  342 IdentifierAsValue: IdentifierAsReference


Terminals, with rules where they appear

$end (0) 0
'!' (33) 121 122
'(' (40) 14 223 242 308 309 312 313 318 319
')' (41) 14 223 242 308 309 312 313 318 319
',' (44) 48 58 71 78 86 87 93 94 102 231 232 270 272 294 304 307 311
    316
'.' (46) 143 144 145 147 152 153 168 296 298
':' (58) 73 74 75 76
';' (59) 38 54 55 56
'<' (60) 286 287 288
'@' (64) 295 296
'[' (91) 119 328
']' (93) 119 328
'^' (94) 214
'{' (123) 9 10 50 60 62 65 68 69 98 113 133 134 135 159 193 194 195
    196 197 269 270 283 291 292
'|' (124) 212
'}' (125) 9 10 50 60 62 65 68 69 98 113 133 134 135 193 194 195 196
    197 269 270 291 292
error (256)
TOK_PPEQ (258) 6 63 66 67 68 69 155
TOK_VBracketLeft (259) 87 94
TOK_VBracketRight (260) 87 94
TOK_whitespace (261) 116
TOK_opaque (262) 173 174
TOK_bstring (263) 260
TOK_cstring (264) 169 252
TOK_hstring (265) 261
"identifier" (266) 340
"number" (267) 14 15 312 322 328
"negative number" (268) 323
TOK_realnumber (269) 324
TOK_tuple (270) 170
TOK_quadruple (271) 171
TOK_typereference (272) 141 143 336
TOK_capitalreference (273) 24 34 142 144 145 154 337
TOK_typefieldreference (274) 103 107 108 109 149 151 152
TOK_valuefieldreference (275) 104 105 106 150 153
TOK_Literal (276) 117
TOK_ExtValue_BIT_STRING (277) 196 197
TOK_ABSENT (278) 277
TOK_ABSTRACT_SYNTAX (279)
TOK_ALL (280) 55 234
TOK_ANY (281) 138 139
TOK_APPLICATION (282) 331
TOK_AUTOMATIC (283) 22
TOK_BEGIN (284) 6
TOK_BIT (285) 191 195
TOK_BMPString (286) 198
TOK_BOOLEAN (287) 176
TOK_BY (288) 139 283
TOK_CHARACTER (289) 184
TOK_CHOICE (290) 133
TOK_CLASS (291) 98
TOK_COMPONENT (292) 264
TOK_COMPONENTS (293) 90 265
TOK_CONSTRAINED (294) 283
TOK_CONTAINING (295) 284
TOK_DEFAULT (296) 302
TOK_DEFINITIONS (297) 6
TOK_DEFINED (298) 139
TOK_EMBEDDED (299) 183
TOK_ENCODED (300)
TOK_ENCODING_CONTROL (301) 34
TOK_END (302) 6
TOK_ENUMERATED (303) 190 194
TOK_EXPLICIT (304) 20 335
TOK_EXPORTS (305) 54 55 56
TOK_EXTENSIBILITY (306) 23
TOK_EXTERNAL (307) 182
TOK_FALSE (308) 161
TOK_FROM (309) 39 46 250
TOK_GeneralizedTime (310) 186
TOK_GeneralString (311) 199
TOK_GraphicString (312) 200
TOK_IA5String (313) 201
TOK_IDENTIFIER (314) 180
TOK_IMPLICIT (315) 21 334
TOK_IMPLIED (316) 23
TOK_IMPORTS (317) 38 39
TOK_INCLUDES (318) 262
TOK_INSTANCE (319) 140
TOK_INSTRUCTIONS (320) 24
TOK_INTEGER (321) 189 193
TOK_ISO646String (322) 202
TOK_MAX (323) 258
TOK_MIN (324) 256
TOK_MINUS_INFINITY (325)
TOK_NULL (326) 160 177
TOK_NumericString (327) 203
TOK_OBJECT (328) 180
TOK_ObjectDescriptor (329) 211
TOK_OCTET (330) 179
TOK_OF (331) 90 136 137 140
TOK_OPTIONAL (332) 278 301
TOK_PATTERN (333) 252 253
TOK_PDV (334) 183
TOK_PLUS_INFINITY (335)
TOK_PRESENT (336) 276
TOK_PrintableString (337) 204
TOK_PRIVATE (338) 332
TOK_REAL (339) 178
TOK_RELATIVE_OID (340) 181
TOK_SEQUENCE (341) 134 136
TOK_SET (342) 135 137
TOK_SIZE (343) 251
TOK_STRING (344) 179 184 191 195
TOK_SYNTAX (345) 113
TOK_T61String (346) 205
TOK_TAGS (347) 20 21 22
TOK_TeletexString (348) 206
TOK_TRUE (349) 162
TOK_TYPE_IDENTIFIER (350)
TOK_UNIQUE (351) 100
TOK_UNIVERSAL (352) 330
TOK_UniversalString (353) 207
TOK_UTCTime (354) 185
TOK_UTF8String (355) 208
TOK_VideotexString (356) 209
TOK_VisibleString (357) 210
TOK_WITH (358) 113 264 265
"UTF-8 byte order mark" (359) 1
TOK_EXCEPT (360) 234 240
TOK_INTERSECTION (361) 215
TOK_UNION (362) 213
".." (363) 285 286 287 288
"..." (364) 120 121 122 229 231 232 270 321
"concrete TypeDeclaration" (365)


Nonterminals, with rules where they appear

$accept (126)
    on left: 0
ParsedGrammar (127)
    on left: 1 2, on right: 0
ModuleList (128)
    on left: 3 4, on right: 1 2 4
ModuleDefinition (129)
    on left: 6, on right: 3 4
$@1 (130)
    on left: 5, on right: 6
optObjectIdentifier (131)
    on left: 7 8, on right: 6
ObjectIdentifier (132)
    on left: 9 10, on right: 8 45
ObjectIdentifierBody (133)
    on left: 11 12, on right: 9 12
ObjectIdentifierElement (134)
    on left: 13 14 15, on right: 11 12
optModuleDefinitionFlags (135)
    on left: 16 17, on right: 6
ModuleDefinitionFlags (136)
    on left: 18 19, on right: 17 19
ModuleDefinitionFlag (137)
    on left: 20 21 22 23 24, on right: 18 19
optModuleBody (138)
    on left: 25 26, on right: 6
ModuleBody (139)
    on left: 27, on right: 26
AssignmentList (140)
    on left: 28 29, on right: 27 29
Assignment (141)
    on left: 30 31 32 34 35, on right: 28 29
$@2 (142)
    on left: 33, on right: 34
optImports (143)
    on left: 36 37, on right: 27
ImportsDefinition (144)
    on left: 38 39, on right: 37
optImportsBundleSet (145)
    on left: 40 41, on right: 38
ImportsBundleSet (146)
    on left: 42 43, on right: 41 43
AssignedIdentifier (147)
    on left: 44 45, on right: 46
ImportsBundle (148)
    on left: 46, on right: 42 43
ImportsList (149)
    on left: 47 48, on right: 46 48
ImportsElement (150)
    on left: 49 50 51, on right: 47 48
optExports (151)
    on left: 52 53, on right: 27
ExportsDefinition (152)
    on left: 54 55 56, on right: 53
ExportsBody (153)
    on left: 57 58, on right: 54 58
ExportsElement (154)
    on left: 59 60 61, on right: 57 58
ValueSet (155)
    on left: 62, on right: 63 82
ValueSetTypeAssignment (156)
    on left: 63, on right: 32
DefinedType (157)
    on left: 64 65, on right: 125 131
DataTypeReference (158)
    on left: 66 67 68 69, on right: 30
ParameterArgumentList (159)
    on left: 70 71, on right: 68 69 71
ParameterArgumentName (160)
    on left: 72 73 74 75 76, on right: 70 71
ActualParameterList (161)
    on left: 77 78, on right: 65 78
ActualParameter (162)
    on left: 79 80 81 82, on right: 77 78
optComponentTypeLists (163)
    on left: 83 84, on right: 134 135
ComponentTypeLists (164)
    on left: 85 86 87, on right: 84 86 87
ComponentType (165)
    on left: 88 89 90 91, on right: 85 86
AlternativeTypeLists (166)
    on left: 92 93 94, on right: 93 94 133
AlternativeType (167)
    on left: 95 96 97, on right: 92 93
ObjectClass (168)
    on left: 98, on right: 67 69
optUNIQUE (169)
    on left: 99 100, on right: 104
FieldSpec (170)
    on left: 101 102, on right: 98 102
ClassField (171)
    on left: 103 104 105 106 107 108 109, on right: 101 102
optWithSyntax (172)
    on left: 110 111, on right: 98
WithSyntax (173)
    on left: 113, on right: 111
$@3 (174)
    on left: 112, on right: 113
WithSyntaxList (175)
    on left: 114 115, on right: 113 115 119
WithSyntaxToken (176)
    on left: 116 117 118 119, on right: 114 115
ExtensionAndException (177)
    on left: 120 121 122, on right: 91 96
Type (178)
    on left: 123, on right: 63 66 68 104 108 155 262 284
TaggedType (179)
    on left: 124, on right: 123
DefinedUntaggedType (180)
    on left: 125, on right: 263
UntaggedType (181)
    on left: 126, on right: 79 124
MaybeIndirectTaggedType (182)
    on left: 127, on right: 88 89 90 95 97
NSTD_IndirectMarker (183)
    on left: 128, on right: 129
MaybeIndirectTypeDeclaration (184)
    on left: 129, on right: 127 136 137
TypeDeclaration (185)
    on left: 130 131, on right: 126 129
ConcreteTypeDeclaration (186)
    on left: 132 133 134 135 136 137 138 139 140, on right: 130
ComplexTypeReference (187)
    on left: 141 142 143 144 145, on right: 64 65 140
ComplexTypeReferenceAmpList (188)
    on left: 146 147, on right: 145 147
ComplexTypeReferenceElement (189)
    on left: 148, on right: 146 147
PrimitiveFieldReference (190)
    on left: 149 150, on right: 118 148
FieldName (191)
    on left: 151 152 153, on right: 105 107 152 153
DefinedObjectClass (192)
    on left: 154, on right: 106 109
ValueAssignment (193)
    on left: 155, on right: 31
Value (194)
    on left: 156 157 159, on right: 155 259 302
$@4 (195)
    on left: 158, on right: 159
SimpleValue (196)
    on left: 160 161 162 163 164 165 166, on right: 80 156
DefinedValue (197)
    on left: 167 168, on right: 81 121 157 309 313 319
RestrictedCharacterStringValue (198)
    on left: 169 170 171, on right: 165
Opaque (199)
    on left: 172 173, on right: 159 173 283
OpaqueFirstToken (200)
    on left: 174 175, on right: 172
BasicTypeId (201)
    on left: 176 177 178 179 180 181 182 183 184 185 186 187 188, on right:
    75 76 192
BasicTypeId_UniverationCompatible (202)
    on left: 189 190 191, on right: 188
BuiltinType (203)
    on left: 192 193 194 195 196 197, on right: 132
BasicString (204)
    on left: 198 199 200 201 202 203 204 205 206 207 208 209 210 211,
    on right: 35 187
UnionMark (205)
    on left: 212 213, on right: 236
IntersectionMark (206)
    on left: 214 215, on right: 238
optConstraint (207)
    on left: 216 217, on right: 273
optManyConstraints (208)
    on left: 218 219, on right: 125 126 127
optSizeOrConstraint (209)
    on left: 220 221 222, on right: 136 137
Constraint (210)
    on left: 223, on right: 217 221 224 225 250 251 266
ManyConstraints (211)
    on left: 224 225, on right: 219 225
ConstraintSpec (212)
    on left: 226 227, on right: 223
SubtypeConstraint (213)
    on left: 228, on right: 226
ElementSetSpecs (214)
    on left: 229 230 231 232, on right: 62 228
ElementSetSpec (215)
    on left: 233 234, on right: 230 231 232 242
Unions (216)
    on left: 235 236, on right: 233 236
Intersections (217)
    on left: 237 238, on right: 235 236 238
IntersectionElements (218)
    on left: 239 240, on right: 237 238
Elements (219)
    on left: 241 242, on right: 234 239 240
SubtypeElements (220)
    on left: 243 244 245 246 247 248 249, on right: 241
PermittedAlphabet (221)
    on left: 250, on right: 245
SizeConstraint (222)
    on left: 251, on right: 222 246
PatternConstraint (223)
    on left: 252 253, on right: 248
ValueRange (224)
    on left: 254, on right: 249
LowerEndValue (225)
    on left: 255 256, on right: 254
UpperEndValue (226)
    on left: 257 258, on right: 254
SingleValue (227)
    on left: 259, on right: 243 255 257
BitStringValue (228)
    on left: 260 261, on right: 166
ContainedSubtype (229)
    on left: 262 263, on right: 244
InnerTypeConstraints (230)
    on left: 264 265, on right: 247
SingleTypeConstraint (231)
    on left: 266, on right: 264
MultipleTypeConstraints (232)
    on left: 267 268, on right: 265
FullSpecification (233)
    on left: 269, on right: 267
PartialSpecification (234)
    on left: 270, on right: 268
TypeConstraints (235)
    on left: 271 272, on right: 269 270 272
NamedConstraint (236)
    on left: 273, on right: 271 272
optPresenceConstraint (237)
    on left: 274 275, on right: 273
PresenceConstraint (238)
    on left: 276 277 278, on right: 275
GeneralConstraint (239)
    on left: 279 280 281, on right: 227
UserDefinedConstraint (240)
    on left: 283, on right: 279
$@5 (241)
    on left: 282, on right: 283
ContentsConstraint (242)
    on left: 284, on right: 281
ConstraintRangeSpec (243)
    on left: 285 286 287 288, on right: 254
TableConstraint (244)
    on left: 289 290, on right: 280
SimpleTableConstraint (245)
    on left: 291, on right: 289 292
ComponentRelationConstraint (246)
    on left: 292, on right: 290
AtNotationList (247)
    on left: 293 294, on right: 292 294
AtNotationElement (248)
    on left: 295 296, on right: 293 294
ComponentIdList (249)
    on left: 297 298, on right: 295 296 298
optMarker (250)
    on left: 299 300, on right: 88 89 103 104 105 106 107 108 109
Marker (251)
    on left: 301 302, on right: 300
IdentifierList (252)
    on left: 303 304, on right: 196 304
IdentifierElement (253)
    on left: 305, on right: 303 304
NamedNumberList (254)
    on left: 306 307, on right: 193 307
NamedNumber (255)
    on left: 308 309, on right: 306 307
NamedBitList (256)
    on left: 310 311, on right: 195 311
NamedBit (257)
    on left: 312 313, on right: 310 311
Enumerations (258)
    on left: 314, on right: 194
UniverationList (259)
    on left: 315 316, on right: 314 316
UniverationElement (260)
    on left: 317 318 319 320 321, on right: 315 316
SignedNumber (261)
    on left: 322 323, on right: 122 163 308 318 320
RealValue (262)
    on left: 324, on right: 164
optTag (263)
    on left: 325 326, on right: 124 127 136 137
Tag (264)
    on left: 327, on right: 326
TagTypeValue (265)
    on left: 328, on right: 327
TagClass (266)
    on left: 329 330 331 332, on right: 328
TagPlicit (267)
    on left: 333 334 335, on right: 327
TypeRefName (268)
    on left: 336 337, on right: 6 46 49 50 59 60 63 66 67 68 69 72
    73 74 76 143 144 168 291
optIdentifier (269)
    on left: 338 339, on right: 136 137
Identifier (270)
    on left: 340, on right: 13 14 51 61 73 75 88 95 139 155 168 175
    253 297 298 305 308 309 312 313 317 318 319 339 341
IdentifierAsReference (271)
    on left: 341, on right: 342
IdentifierAsValue (272)
    on left: 342, on right: 167 273


State 0

    0 $accept: . ParsedGrammar $end

    TOK_typereference        shift, and go to state 1
    TOK_capitalreference     shift, and go to state 2
    "UTF-8 byte order mark"  shift, and go to state 3

    ParsedGrammar     go to state 4
    ModuleList        go to state 5
    ModuleDefinition  go to state 6
    TypeRefName       go to state 7


State 1

  336 TypeRefName: TOK_typereference .

    $default  reduce using rule 336 (TypeRefName)


State 2

  337 TypeRefName: TOK_capitalreference .

    $default  reduce using rule 337 (TypeRefName)


State 3

    1 ParsedGrammar: "UTF-8 byte order mark" . ModuleList

    TOK_typereference     shift, and go to state 1
    TOK_capitalreference  shift, and go to state 2

    ModuleList        go to state 8
    ModuleDefinition  go to state 6
    TypeRefName       go to state 7


State 4

    0 $accept: ParsedGrammar . $end

    $end  shift, and go to state 9


State 5

    2 ParsedGrammar: ModuleList .
    4 ModuleList: ModuleList . ModuleDefinition

    TOK_typereference     shift, and go to state 1
    TOK_capitalreference  shift, and go to state 2

    $default  reduce using rule 2 (ParsedGrammar)

    ModuleDefinition  go to state 10
    TypeRefName       go to state 7


State 6

    3 ModuleList: ModuleDefinition .

    $default  reduce using rule 3 (ModuleList)


State 7

    6 ModuleDefinition: TypeRefName . $@1 optObjectIdentifier TOK_DEFINITIONS optModuleDefinitionFlags TOK_PPEQ TOK_BEGIN optModuleBody TOK_END

    $default  reduce using rule 5 ($@1)

    $@1  go to state 11


State 8

    1 ParsedGrammar: "UTF-8 byte order mark" ModuleList .
    4 ModuleList: ModuleList . ModuleDefinition

    TOK_typereference     shift, and go to state 1
    TOK_capitalreference  shift, and go to state 2

    $default  reduce using rule 1 (ParsedGrammar)

    ModuleDefinition  go to state 10
    TypeRefName       go to state 7


State 9

    0 $accept: ParsedGrammar $end .

    $default  accept


State 10

    4 ModuleList: ModuleList ModuleDefinition .

    $default  reduce using rule 4 (ModuleList)


State 11

    6 ModuleDefinition: TypeRefName $@1 . optObjectIdentifier TOK_DEFINITIONS optModuleDefinitionFlags TOK_PPEQ TOK_BEGIN optModuleBody TOK_END

    '{'  shift, and go to state 12

    $default  reduce using rule 7 (optObjectIdentifier)

    optObjectIdentifier  go to state 13
    ObjectIdentifier     go to state 14


State 12

    9 ObjectIdentifier: '{' . ObjectIdentifierBody '}'
   10                 | '{' . '}'

    "identifier"  shift, and go to state 15
    "number"      shift, and go to state 16
    '}'           shift, and go to state 17

    ObjectIdentifierBody     go to state 18
    ObjectIdentifierElement  go to state 19
    Identifier               go to state 20


State 13

    6 ModuleDefinition: TypeRefName $@1 optObjectIdentifier . TOK_DEFINITIONS optModuleDefinitionFlags TOK_PPEQ TOK_BEGIN optModuleBody TOK_END

    TOK_DEFINITIONS  shift, and go to state 21


State 14

    8 optObjectIdentifier: ObjectIdentifier .

    $default  reduce using rule 8 (optObjectIdentifier)


State 15

  340 Identifier: "identifier" .

    $default  reduce using rule 340 (Identifier)


State 16

   15 ObjectIdentifierElement: "number" .

    $default  reduce using rule 15 (ObjectIdentifierElement)


State 17

   10 ObjectIdentifier: '{' '}' .

    $default  reduce using rule 10 (ObjectIdentifier)


State 18

    9 ObjectIdentifier: '{' ObjectIdentifierBody . '}'
   12 ObjectIdentifierBody: ObjectIdentifierBody . ObjectIdentifierElement

    "identifier"  shift, and go to state 15
    "number"      shift, and go to state 16
    '}'           shift, and go to state 22

    ObjectIdentifierElement  go to state 23
    Identifier               go to state 20


State 19

   11 ObjectIdentifierBody: ObjectIdentifierElement .

    $default  reduce using rule 11 (ObjectIdentifierBody)


State 20

   13 ObjectIdentifierElement: Identifier .
   14                        | Identifier . '(' "number" ')'

    '('  shift, and go to state 24

    $default  reduce using rule 13 (ObjectIdentifierElement)


State 21

    6 ModuleDefinition: TypeRefName $@1 optObjectIdentifier TOK_DEFINITIONS . optModuleDefinitionFlags TOK_PPEQ TOK_BEGIN optModuleBody TOK_END

    TOK_capitalreference  shift, and go to state 25
    TOK_AUTOMATIC         shift, and go to state 26
    TOK_EXPLICIT          shift, and go to state 27
    TOK_EXTENSIBILITY     shift, and go to state 28
    TOK_IMPLICIT          shift, and go to state 29

    $default  reduce using rule 16 (optModuleDefinitionFlags)

    optModuleDefinitionFlags  go to state 30
    ModuleDefinitionFlags     go to state 31
    ModuleDefinitionFlag      go to state 32


State 22

    9 ObjectIdentifier: '{' ObjectIdentifierBody '}' .

    $default  reduce using rule 9 (ObjectIdentifier)


State 23

   12 ObjectIdentifierBody: ObjectIdentifierBody ObjectIdentifierElement .

    $default  reduce using rule 12 (ObjectIdentifierBody)


State 24

   14 ObjectIdentifierElement: Identifier '(' . "number" ')'

    "number"  shift, and go to state 33


State 25

   24 ModuleDefinitionFlag: TOK_capitalreference . TOK_INSTRUCTIONS

    TOK_INSTRUCTIONS  shift, and go to state 34


State 26

   22 ModuleDefinitionFlag: TOK_AUTOMATIC . TOK_TAGS

    TOK_TAGS  shift, and go to state 35


State 27

   20 ModuleDefinitionFlag: TOK_EXPLICIT . TOK_TAGS

    TOK_TAGS  shift, and go to state 36


State 28

   23 ModuleDefinitionFlag: TOK_EXTENSIBILITY . TOK_IMPLIED

    TOK_IMPLIED  shift, and go to state 37


State 29

   21 ModuleDefinitionFlag: TOK_IMPLICIT . TOK_TAGS

    TOK_TAGS  shift, and go to state 38


State 30

    6 ModuleDefinition: TypeRefName $@1 optObjectIdentifier TOK_DEFINITIONS optModuleDefinitionFlags . TOK_PPEQ TOK_BEGIN optModuleBody TOK_END

    TOK_PPEQ  shift, and go to state 39


State 31

   17 optModuleDefinitionFlags: ModuleDefinitionFlags .
   19 ModuleDefinitionFlags: ModuleDefinitionFlags . ModuleDefinitionFlag

    TOK_capitalreference  shift, and go to state 25
    TOK_AUTOMATIC         shift, and go to state 26
    TOK_EXPLICIT          shift, and go to state 27
    TOK_EXTENSIBILITY     shift, and go to state 28
    TOK_IMPLICIT          shift, and go to state 29

    $default  reduce using rule 17 (optModuleDefinitionFlags)

    ModuleDefinitionFlag  go to state 40


State 32

   18 ModuleDefinitionFlags: ModuleDefinitionFlag .

    $default  reduce using rule 18 (ModuleDefinitionFlags)


State 33

   14 ObjectIdentifierElement: Identifier '(' "number" . ')'

    ')'  shift, and go to state 41


State 34

   24 ModuleDefinitionFlag: TOK_capitalreference TOK_INSTRUCTIONS .

    $default  reduce using rule 24 (ModuleDefinitionFlag)


State 35

   22 ModuleDefinitionFlag: TOK_AUTOMATIC TOK_TAGS .

    $default  reduce using rule 22 (ModuleDefinitionFlag)


State 36

   20 ModuleDefinitionFlag: TOK_EXPLICIT TOK_TAGS .

    $default  reduce using rule 20 (ModuleDefinitionFlag)


State 37

   23 ModuleDefinitionFlag: TOK_EXTENSIBILITY TOK_IMPLIED .

    $default  reduce using rule 23 (ModuleDefinitionFlag)


State 38

   21 ModuleDefinitionFlag: TOK_IMPLICIT TOK_TAGS .

    $default  reduce using rule 21 (ModuleDefinitionFlag)


State 39

    6 ModuleDefinition: TypeRefName $@1 optObjectIdentifier TOK_DEFINITIONS optModuleDefinitionFlags TOK_PPEQ . TOK_BEGIN optModuleBody TOK_END

    TOK_BEGIN  shift, and go to state 42


State 40

   19 ModuleDefinitionFlags: ModuleDefinitionFlags ModuleDefinitionFlag .

    $default  reduce using rule 19 (ModuleDefinitionFlags)


State 41

   14 ObjectIdentifierElement: Identifier '(' "number" ')' .

    $default  reduce using rule 14 (ObjectIdentifierElement)


State 42

    6 ModuleDefinition: TypeRefName $@1 optObjectIdentifier TOK_DEFINITIONS optModuleDefinitionFlags TOK_PPEQ TOK_BEGIN . optModuleBody TOK_END

    TOK_EXPORTS  shift, and go to state 43

    TOK_END   reduce using rule 25 (optModuleBody)
    $default  reduce using rule 52 (optExports)

    optModuleBody      go to state 44
    ModuleBody         go to state 45
    optExports         go to state 46
    ExportsDefinition  go to state 47


State 43

   54 ExportsDefinition: TOK_EXPORTS . ExportsBody ';'
   55                  | TOK_EXPORTS . TOK_ALL ';'
   56                  | TOK_EXPORTS . ';'

    "identifier"          shift, and go to state 15
    TOK_typereference     shift, and go to state 1
    TOK_capitalreference  shift, and go to state 2
    TOK_ALL               shift, and go to state 48
    ';'                   shift, and go to state 49

    ExportsBody     go to state 50
    ExportsElement  go to state 51
    TypeRefName     go to state 52
    Identifier      go to state 53


State 44

    6 ModuleDefinition: TypeRefName $@1 optObjectIdentifier TOK_DEFINITIONS optModuleDefinitionFlags TOK_PPEQ TOK_BEGIN optModuleBody . TOK_END

    TOK_END  shift, and go to state 54


State 45

   26 optModuleBody: ModuleBody .

    $default  reduce using rule 26 (optModuleBody)


State 46

   27 ModuleBody: optExports . optImports AssignmentList

    TOK_IMPORTS  shift, and go to state 55

    $default  reduce using rule 36 (optImports)

    optImports         go to state 56
    ImportsDefinition  go to state 57


State 47

   53 optExports: ExportsDefinition .

    $default  reduce using rule 53 (optExports)


State 48

   55 ExportsDefinition: TOK_EXPORTS TOK_ALL . ';'

    ';'  shift, and go to state 58


State 49

   56 ExportsDefinition: TOK_EXPORTS ';' .

    $default  reduce using rule 56 (ExportsDefinition)


State 50

   54 ExportsDefinition: TOK_EXPORTS ExportsBody . ';'
   58 ExportsBody: ExportsBody . ',' ExportsElement

    ';'  shift, and go to state 59
    ','  shift, and go to state 60


State 51

   57 ExportsBody: ExportsElement .

    $default  reduce using rule 57 (ExportsBody)


State 52

   59 ExportsElement: TypeRefName .
   60               | TypeRefName . '{' '}'

    '{'  shift, and go to state 61

    $default  reduce using rule 59 (ExportsElement)


State 53

   61 ExportsElement: Identifier .

    $default  reduce using rule 61 (ExportsElement)


State 54

    6 ModuleDefinition: TypeRefName $@1 optObjectIdentifier TOK_DEFINITIONS optModuleDefinitionFlags TOK_PPEQ TOK_BEGIN optModuleBody TOK_END .

    $default  reduce using rule 6 (ModuleDefinition)


State 55

   38 ImportsDefinition: TOK_IMPORTS . optImportsBundleSet ';'
   39                  | TOK_IMPORTS . TOK_FROM

    "identifier"          shift, and go to state 15
    TOK_typereference     shift, and go to state 1
    TOK_capitalreference  shift, and go to state 2
    TOK_FROM              shift, and go to state 62

    $default  reduce using rule 40 (optImportsBundleSet)

    optImportsBundleSet  go to state 63
    ImportsBundleSet     go to state 64
    ImportsBundle        go to state 65
    ImportsList          go to state 66
    ImportsElement       go to state 67
    TypeRefName          go to state 68
    Identifier           go to state 69


State 56

   27 ModuleBody: optExports optImports . AssignmentList

    "identifier"          shift, and go to state 15
    TOK_typereference     shift, and go to state 1
    TOK_capitalreference  shift, and go to state 2
    TOK_BMPString         shift, and go to state 70
    TOK_ENCODING_CONTROL  shift, and go to state 71
    TOK_GeneralString     shift, and go to state 72
    TOK_GraphicString     shift, and go to state 73
    TOK_IA5String         shift, and go to state 74
    TOK_ISO646String      shift, and go to state 75
    TOK_NumericString     shift, and go to state 76
    TOK_ObjectDescriptor  shift, and go to state 77
    TOK_PrintableString   shift, and go to state 78
    TOK_T61String         shift, and go to state 79
    TOK_TeletexString     shift, and go to state 80
    TOK_UniversalString   shift, and go to state 81
    TOK_UTF8String        shift, and go to state 82
    TOK_VideotexString    shift, and go to state 83
    TOK_VisibleString     shift, and go to state 84

    AssignmentList          go to state 85
    Assignment              go to state 86
    ValueSetTypeAssignment  go to state 87
    DataTypeReference       go to state 88
    ValueAssignment         go to state 89
    BasicString             go to state 90
    TypeRefName             go to state 91
    Identifier              go to state 92


State 57

   37 optImports: ImportsDefinition .

    $default  reduce using rule 37 (optImports)


State 58

   55 ExportsDefinition: TOK_EXPORTS TOK_ALL ';' .

    $default  reduce using rule 55 (ExportsDefinition)


State 59

   54 ExportsDefinition: TOK_EXPORTS ExportsBody ';' .

    $default  reduce using rule 54 (ExportsDefinition)


State 60

   58 ExportsBody: ExportsBody ',' . ExportsElement

    "identifier"          shift, and go to state 15
    TOK_typereference     shift, and go to state 1
    TOK_capitalreference  shift, and go to state 2

    ExportsElement  go to state 93
    TypeRefName     go to state 52
    Identifier      go to state 53


State 61

   60 ExportsElement: TypeRefName '{' . '}'

    '}'  shift, and go to state 94


State 62

   39 ImportsDefinition: TOK_IMPORTS TOK_FROM .

    $default  reduce using rule 39 (ImportsDefinition)


State 63

   38 ImportsDefinition: TOK_IMPORTS optImportsBundleSet . ';'

    ';'  shift, and go to state 95


State 64

   41 optImportsBundleSet: ImportsBundleSet .
   43 ImportsBundleSet: ImportsBundleSet . ImportsBundle

    "identifier"          shift, and go to state 15
    TOK_typereference     shift, and go to state 1
    TOK_capitalreference  shift, and go to state 2

    $default  reduce using rule 41 (optImportsBundleSet)

    ImportsBundle   go to state 96
    ImportsList     go to state 66
    ImportsElement  go to state 67
    TypeRefName     go to state 68
    Identifier      go to state 69


State 65

   42 ImportsBundleSet: ImportsBundle .

    $default  reduce using rule 42 (ImportsBundleSet)


State 66

   46 ImportsBundle: ImportsList . TOK_FROM TypeRefName AssignedIdentifier
   48 ImportsList: ImportsList . ',' ImportsElement

    TOK_FROM  shift, and go to state 97
    ','       shift, and go to state 98


State 67

   47 ImportsList: ImportsElement .

    $default  reduce using rule 47 (ImportsList)


State 68

   49 ImportsElement: TypeRefName .
   50               | TypeRefName . '{' '}'

    '{'  shift, and go to state 99

    $default  reduce using rule 49 (ImportsElement)


State 69

   51 ImportsElement: Identifier .

    $default  reduce using rule 51 (ImportsElement)


State 70

  198 BasicString: TOK_BMPString .

    $default  reduce using rule 198 (BasicString)


State 71

   34 Assignment: TOK_ENCODING_CONTROL . TOK_capitalreference $@2

    TOK_capitalreference  shift, and go to state 100


State 72

  199 BasicString: TOK_GeneralString .

    $default  reduce using rule 199 (BasicString)


State 73

  200 BasicString: TOK_GraphicString .

    $default  reduce using rule 200 (BasicString)


State 74

  201 BasicString: TOK_IA5String .

    $default  reduce using rule 201 (BasicString)


State 75

  202 BasicString: TOK_ISO646String .

    $default  reduce using rule 202 (BasicString)


State 76

  203 BasicString: TOK_NumericString .

    $default  reduce using rule 203 (BasicString)


State 77

  211 BasicString: TOK_ObjectDescriptor .

    $default  reduce using rule 211 (BasicString)


State 78

  204 BasicString: TOK_PrintableString .

    $default  reduce using rule 204 (BasicString)


State 79

  205 BasicString: TOK_T61String .

    $default  reduce using rule 205 (BasicString)


State 80

  206 BasicString: TOK_TeletexString .

    $default  reduce using rule 206 (BasicString)


State 81

  207 BasicString: TOK_UniversalString .

    $default  reduce using rule 207 (BasicString)


State 82

  208 BasicString: TOK_UTF8String .

    $default  reduce using rule 208 (BasicString)


State 83

  209 BasicString: TOK_VideotexString .

    $default  reduce using rule 209 (BasicString)


State 84

  210 BasicString: TOK_VisibleString .

    $default  reduce using rule 210 (BasicString)


State 85

   27 ModuleBody: optExports optImports AssignmentList .
   29 AssignmentList: AssignmentList . Assignment

    "identifier"          shift, and go to state 15
    TOK_typereference     shift, and go to state 1
    TOK_capitalreference  shift, and go to state 2
    TOK_BMPString         shift, and go to state 70
    TOK_ENCODING_CONTROL  shift, and go to state 71
    TOK_GeneralString     shift, and go to state 72
    TOK_GraphicString     shift, and go to state 73
    TOK_IA5String         shift, and go to state 74
    TOK_ISO646String      shift, and go to state 75
    TOK_NumericString     shift, and go to state 76
    TOK_ObjectDescriptor  shift, and go to state 77
    TOK_PrintableString   shift, and go to state 78
    TOK_T61String         shift, and go to state 79
    TOK_TeletexString     shift, and go to state 80
    TOK_UniversalString   shift, and go to state 81
    TOK_UTF8String        shift, and go to state 82
    TOK_VideotexString    shift, and go to state 83
    TOK_VisibleString     shift, and go to state 84

    $default  reduce using rule 27 (ModuleBody)

    Assignment              go to state 101
    ValueSetTypeAssignment  go to state 87
    DataTypeReference       go to state 88
    ValueAssignment         go to state 89
    BasicString             go to state 90
    TypeRefName             go to state 91
    Identifier              go to state 92


State 86

   28 AssignmentList: Assignment .

    $default  reduce using rule 28 (AssignmentList)


State 87

   32 Assignment: ValueSetTypeAssignment .

    $default  reduce using rule 32 (Assignment)


State 88

   30 Assignment: DataTypeReference .

    $default  reduce using rule 30 (Assignment)


State 89

   31 Assignment: ValueAssignment .

    $default  reduce using rule 31 (Assignment)


State 90

   35 Assignment: BasicString .

    $default  reduce using rule 35 (Assignment)


State 91

   63 ValueSetTypeAssignment: TypeRefName . Type TOK_PPEQ ValueSet
   66 DataTypeReference: TypeRefName . TOK_PPEQ Type
   67                  | TypeRefName . TOK_PPEQ ObjectClass
   68                  | TypeRefName . '{' ParameterArgumentList '}' TOK_PPEQ Type
   69                  | TypeRefName . '{' ParameterArgumentList '}' TOK_PPEQ ObjectClass

    TOK_PPEQ  shift, and go to state 102
    '{'       shift, and go to state 103
    '['       shift, and go to state 104

    $default  reduce using rule 325 (optTag)

    Type          go to state 105
    TaggedType    go to state 106
    optTag        go to state 107
    Tag           go to state 108
    TagTypeValue  go to state 109


State 92

  155 ValueAssignment: Identifier . Type TOK_PPEQ Value

    '['  shift, and go to state 104

    $default  reduce using rule 325 (optTag)

    Type          go to state 110
    TaggedType    go to state 106
    optTag        go to state 107
    Tag           go to state 108
    TagTypeValue  go to state 109


State 93

   58 ExportsBody: ExportsBody ',' ExportsElement .

    $default  reduce using rule 58 (ExportsBody)


State 94

   60 ExportsElement: TypeRefName '{' '}' .

    $default  reduce using rule 60 (ExportsElement)


State 95

   38 ImportsDefinition: TOK_IMPORTS optImportsBundleSet ';' .

    $default  reduce using rule 38 (ImportsDefinition)


State 96

   43 ImportsBundleSet: ImportsBundleSet ImportsBundle .

    $default  reduce using rule 43 (ImportsBundleSet)


State 97

   46 ImportsBundle: ImportsList TOK_FROM . TypeRefName AssignedIdentifier

    TOK_typereference     shift, and go to state 1
    TOK_capitalreference  shift, and go to state 2

    TypeRefName  go to state 111


State 98

   48 ImportsList: ImportsList ',' . ImportsElement

    "identifier"          shift, and go to state 15
    TOK_typereference     shift, and go to state 1
    TOK_capitalreference  shift, and go to state 2

    ImportsElement  go to state 112
    TypeRefName     go to state 68
    Identifier      go to state 69


State 99

   50 ImportsElement: TypeRefName '{' . '}'

    '}'  shift, and go to state 113


State 100

   34 Assignment: TOK_ENCODING_CONTROL TOK_capitalreference . $@2

    $default  reduce using rule 33 ($@2)

    $@2  go to state 114


State 101

   29 AssignmentList: AssignmentList Assignment .

    $default  reduce using rule 29 (AssignmentList)


State 102

   66 DataTypeReference: TypeRefName TOK_PPEQ . Type
   67                  | TypeRefName TOK_PPEQ . ObjectClass

    TOK_CLASS  shift, and go to state 115
    '['        shift, and go to state 104

    $default  reduce using rule 325 (optTag)

    ObjectClass   go to state 116
    Type          go to state 117
    TaggedType    go to state 106
    optTag        go to state 107
    Tag           go to state 108
    TagTypeValue  go to state 109


State 103

   68 DataTypeReference: TypeRefName '{' . ParameterArgumentList '}' TOK_PPEQ Type
   69                  | TypeRefName '{' . ParameterArgumentList '}' TOK_PPEQ ObjectClass

    TOK_typereference     shift, and go to state 1
    TOK_capitalreference  shift, and go to state 2
    TOK_BIT               shift, and go to state 118
    TOK_BMPString         shift, and go to state 70
    TOK_BOOLEAN           shift, and go to state 119
    TOK_CHARACTER         shift, and go to state 120
    TOK_EMBEDDED          shift, and go to state 121
    TOK_ENUMERATED        shift, and go to state 122
    TOK_EXTERNAL          shift, and go to state 123
    TOK_GeneralizedTime   shift, and go to state 124
    TOK_GeneralString     shift, and go to state 72
    TOK_GraphicString     shift, and go to state 73
    TOK_IA5String         shift, and go to state 74
    TOK_INTEGER           shift, and go to state 125
    TOK_ISO646String      shift, and go to state 75
    TOK_NULL              shift, and go to state 126
    TOK_NumericString     shift, and go to state 76
    TOK_OBJECT            shift, and go to state 127
    TOK_ObjectDescriptor  shift, and go to state 77
    TOK_OCTET             shift, and go to state 128
    TOK_PrintableString   shift, and go to state 78
    TOK_REAL              shift, and go to state 129
    TOK_RELATIVE_OID      shift, and go to state 130
    TOK_T61String         shift, and go to state 79
    TOK_TeletexString     shift, and go to state 80
    TOK_UniversalString   shift, and go to state 81
    TOK_UTCTime           shift, and go to state 131
    TOK_UTF8String        shift, and go to state 82
    TOK_VideotexString    shift, and go to state 83
    TOK_VisibleString     shift, and go to state 84

    ParameterArgumentList              go to state 132
    ParameterArgumentName              go to state 133
    BasicTypeId                        go to state 134
    BasicTypeId_UniverationCompatible  go to state 135
    BasicString                        go to state 136
    TypeRefName                        go to state 137


State 104

  328 TagTypeValue: '[' . TagClass "number" ']'

    TOK_APPLICATION  shift, and go to state 138
    TOK_PRIVATE      shift, and go to state 139
    TOK_UNIVERSAL    shift, and go to state 140

    $default  reduce using rule 329 (TagClass)

    TagClass  go to state 141


State 105

   63 ValueSetTypeAssignment: TypeRefName Type . TOK_PPEQ ValueSet

    TOK_PPEQ  shift, and go to state 142


State 106

  123 Type: TaggedType .

    $default  reduce using rule 123 (Type)


State 107

  124 TaggedType: optTag . UntaggedType

    TOK_typereference        shift, and go to state 143
    TOK_capitalreference     shift, and go to state 144
    TOK_ExtValue_BIT_STRING  shift, and go to state 145
    TOK_ANY                  shift, and go to state 146
    TOK_BIT                  shift, and go to state 147
    TOK_BMPString            shift, and go to state 70
    TOK_BOOLEAN              shift, and go to state 119
    TOK_CHARACTER            shift, and go to state 120
    TOK_CHOICE               shift, and go to state 148
    TOK_EMBEDDED             shift, and go to state 121
    TOK_ENUMERATED           shift, and go to state 149
    TOK_EXTERNAL             shift, and go to state 123
    TOK_GeneralizedTime      shift, and go to state 124
    TOK_GeneralString        shift, and go to state 72
    TOK_GraphicString        shift, and go to state 73
    TOK_IA5String            shift, and go to state 74
    TOK_INSTANCE             shift, and go to state 150
    TOK_INTEGER              shift, and go to state 151
    TOK_ISO646String         shift, and go to state 75
    TOK_NULL                 shift, and go to state 126
    TOK_NumericString        shift, and go to state 76
    TOK_OBJECT               shift, and go to state 127
    TOK_ObjectDescriptor     shift, and go to state 77
    TOK_OCTET                shift, and go to state 128
    TOK_PrintableString      shift, and go to state 78
    TOK_REAL                 shift, and go to state 129
    TOK_RELATIVE_OID         shift, and go to state 130
    TOK_SEQUENCE             shift, and go to state 152
    TOK_SET                  shift, and go to state 153
    TOK_T61String            shift, and go to state 79
    TOK_TeletexString        shift, and go to state 80
    TOK_UniversalString      shift, and go to state 81
    TOK_UTCTime              shift, and go to state 131
    TOK_UTF8String           shift, and go to state 82
    TOK_VideotexString       shift, and go to state 83
    TOK_VisibleString        shift, and go to state 84

    DefinedType                        go to state 154
    UntaggedType                       go to state 155
    TypeDeclaration                    go to state 156
    ConcreteTypeDeclaration            go to state 157
    ComplexTypeReference               go to state 158
    BasicTypeId                        go to state 159
    BasicTypeId_UniverationCompatible  go to state 135
    BuiltinType                        go to state 160
    BasicString                        go to state 136


State 108

  326 optTag: Tag .

    $default  reduce using rule 326 (optTag)


State 109

  327 Tag: TagTypeValue . TagPlicit

    TOK_EXPLICIT  shift, and go to state 161
    TOK_IMPLICIT  shift, and go to state 162

    $default  reduce using rule 333 (TagPlicit)

    TagPlicit  go to state 163


State 110

  155 ValueAssignment: Identifier Type . TOK_PPEQ Value

    TOK_PPEQ  shift, and go to state 164


State 111

   46 ImportsBundle: ImportsList TOK_FROM TypeRefName . AssignedIdentifier

    '{'  shift, and go to state 12

    $default  reduce using rule 44 (AssignedIdentifier)

    ObjectIdentifier    go to state 165
    AssignedIdentifier  go to state 166


State 112

   48 ImportsList: ImportsList ',' ImportsElement .

    $default  reduce using rule 48 (ImportsList)


State 113

   50 ImportsElement: TypeRefName '{' '}' .

    $default  reduce using rule 50 (ImportsElement)


State 114

   34 Assignment: TOK_ENCODING_CONTROL TOK_capitalreference $@2 .

    $default  reduce using rule 34 (Assignment)


State 115

   98 ObjectClass: TOK_CLASS . '{' FieldSpec '}' optWithSyntax

    '{'  shift, and go to state 167


State 116

   67 DataTypeReference: TypeRefName TOK_PPEQ ObjectClass .

    $default  reduce using rule 67 (DataTypeReference)


State 117

   66 DataTypeReference: TypeRefName TOK_PPEQ Type .

    $default  reduce using rule 66 (DataTypeReference)


State 118

  191 BasicTypeId_UniverationCompatible: TOK_BIT . TOK_STRING

    TOK_STRING  shift, and go to state 168


State 119

  176 BasicTypeId: TOK_BOOLEAN .

    $default  reduce using rule 176 (BasicTypeId)


State 120

  184 BasicTypeId: TOK_CHARACTER . TOK_STRING

    TOK_STRING  shift, and go to state 169


State 121

  183 BasicTypeId: TOK_EMBEDDED . TOK_PDV

    TOK_PDV  shift, and go to state 170


State 122

  190 BasicTypeId_UniverationCompatible: TOK_ENUMERATED .

    $default  reduce using rule 190 (BasicTypeId_UniverationCompatible)


State 123

  182 BasicTypeId: TOK_EXTERNAL .

    $default  reduce using rule 182 (BasicTypeId)


State 124

  186 BasicTypeId: TOK_GeneralizedTime .

    $default  reduce using rule 186 (BasicTypeId)


State 125

  189 BasicTypeId_UniverationCompatible: TOK_INTEGER .

    $default  reduce using rule 189 (BasicTypeId_UniverationCompatible)


State 126

  177 BasicTypeId: TOK_NULL .

    $default  reduce using rule 177 (BasicTypeId)


State 127

  180 BasicTypeId: TOK_OBJECT . TOK_IDENTIFIER

    TOK_IDENTIFIER  shift, and go to state 171


State 128

  179 BasicTypeId: TOK_OCTET . TOK_STRING

    TOK_STRING  shift, and go to state 172


State 129

  178 BasicTypeId: TOK_REAL .

    $default  reduce using rule 178 (BasicTypeId)


State 130

  181 BasicTypeId: TOK_RELATIVE_OID .

    $default  reduce using rule 181 (BasicTypeId)


State 131

  185 BasicTypeId: TOK_UTCTime .

    $default  reduce using rule 185 (BasicTypeId)


State 132

   68 DataTypeReference: TypeRefName '{' ParameterArgumentList . '}' TOK_PPEQ Type
   69                  | TypeRefName '{' ParameterArgumentList . '}' TOK_PPEQ ObjectClass
   71 ParameterArgumentList: ParameterArgumentList . ',' ParameterArgumentName

    '}'  shift, and go to state 173
    ','  shift, and go to state 174


State 133

   70 ParameterArgumentList: ParameterArgumentName .

    $default  reduce using rule 70 (ParameterArgumentList)


State 134

   75 ParameterArgumentName: BasicTypeId . ':' Identifier
   76                      | BasicTypeId . ':' TypeRefName

    ':'  shift, and go to state 175


State 135

  188 BasicTypeId: BasicTypeId_UniverationCompatible .

    $default  reduce using rule 188 (BasicTypeId)


State 136

  187 BasicTypeId: BasicString .

    $default  reduce using rule 187 (BasicTypeId)


State 137

   72 ParameterArgumentName: TypeRefName .
   73                      | TypeRefName . ':' Identifier
   74                      | TypeRefName . ':' TypeRefName

    ':'  shift, and go to state 176

    $default  reduce using rule 72 (ParameterArgumentName)


State 138

  331 TagClass: TOK_APPLICATION .

    $default  reduce using rule 331 (TagClass)


State 139

  332 TagClass: TOK_PRIVATE .

    $default  reduce using rule 332 (TagClass)


State 140

  330 TagClass: TOK_UNIVERSAL .

    $default  reduce using rule 330 (TagClass)


State 141

  328 TagTypeValue: '[' TagClass . "number" ']'

    "number"  shift, and go to state 177


State 142

   63 ValueSetTypeAssignment: TypeRefName Type TOK_PPEQ . ValueSet

    '{'  shift, and go to state 178

    ValueSet  go to state 179


State 143

  141 ComplexTypeReference: TOK_typereference .
  143                     | TOK_typereference . '.' TypeRefName

    '.'  shift, and go to state 180

    $default  reduce using rule 141 (ComplexTypeReference)


State 144

  142 ComplexTypeReference: TOK_capitalreference .
  144                     | TOK_capitalreference . '.' TypeRefName
  145                     | TOK_capitalreference . '.' ComplexTypeReferenceAmpList

    '.'  shift, and go to state 181

    $default  reduce using rule 142 (ComplexTypeReference)


State 145

  196 BuiltinType: TOK_ExtValue_BIT_STRING . '{' IdentifierList '}'
  197            | TOK_ExtValue_BIT_STRING . '{' '}'

    '{'  shift, and go to state 182


State 146

  138 ConcreteTypeDeclaration: TOK_ANY .
  139                        | TOK_ANY . TOK_DEFINED TOK_BY Identifier

    TOK_DEFINED  shift, and go to state 183

    $default  reduce using rule 138 (ConcreteTypeDeclaration)


State 147

  191 BasicTypeId_UniverationCompatible: TOK_BIT . TOK_STRING
  195 BuiltinType: TOK_BIT . TOK_STRING '{' NamedBitList '}'

    TOK_STRING  shift, and go to state 184


State 148

  133 ConcreteTypeDeclaration: TOK_CHOICE . '{' AlternativeTypeLists '}'

    '{'  shift, and go to state 185


State 149

  190 BasicTypeId_UniverationCompatible: TOK_ENUMERATED .
  194 BuiltinType: TOK_ENUMERATED . '{' Enumerations '}'

    '{'  shift, and go to state 186

    $default  reduce using rule 190 (BasicTypeId_UniverationCompatible)


State 150

  140 ConcreteTypeDeclaration: TOK_INSTANCE . TOK_OF ComplexTypeReference

    TOK_OF  shift, and go to state 187


State 151

  189 BasicTypeId_UniverationCompatible: TOK_INTEGER .
  193 BuiltinType: TOK_INTEGER . '{' NamedNumberList '}'

    '{'  shift, and go to state 188

    $default  reduce using rule 189 (BasicTypeId_UniverationCompatible)


State 152

  134 ConcreteTypeDeclaration: TOK_SEQUENCE . '{' optComponentTypeLists '}'
  136                        | TOK_SEQUENCE . optSizeOrConstraint TOK_OF optIdentifier optTag MaybeIndirectTypeDeclaration

    TOK_SIZE  shift, and go to state 189
    '{'       shift, and go to state 190
    '('       shift, and go to state 191

    $default  reduce using rule 220 (optSizeOrConstraint)

    optSizeOrConstraint  go to state 192
    Constraint           go to state 193
    SizeConstraint       go to state 194


State 153

  135 ConcreteTypeDeclaration: TOK_SET . '{' optComponentTypeLists '}'
  137                        | TOK_SET . optSizeOrConstraint TOK_OF optIdentifier optTag MaybeIndirectTypeDeclaration

    TOK_SIZE  shift, and go to state 189
    '{'       shift, and go to state 195
    '('       shift, and go to state 191

    $default  reduce using rule 220 (optSizeOrConstraint)

    optSizeOrConstraint  go to state 196
    Constraint           go to state 193
    SizeConstraint       go to state 194


State 154

  131 TypeDeclaration: DefinedType .

    $default  reduce using rule 131 (TypeDeclaration)


State 155

  124 TaggedType: optTag UntaggedType .

    $default  reduce using rule 124 (TaggedType)


State 156

  126 UntaggedType: TypeDeclaration . optManyConstraints

    '('  shift, and go to state 191

    $default  reduce using rule 218 (optManyConstraints)

    optManyConstraints  go to state 197
    Constraint          go to state 198
    ManyConstraints     go to state 199


State 157

  130 TypeDeclaration: ConcreteTypeDeclaration .

    $default  reduce using rule 130 (TypeDeclaration)


State 158

   64 DefinedType: ComplexTypeReference .
   65            | ComplexTypeReference . '{' ActualParameterList '}'

    '{'  shift, and go to state 200

    $default  reduce using rule 64 (DefinedType)


State 159

  192 BuiltinType: BasicTypeId .

    $default  reduce using rule 192 (BuiltinType)


State 160

  132 ConcreteTypeDeclaration: BuiltinType .

    $default  reduce using rule 132 (ConcreteTypeDeclaration)


State 161

  335 TagPlicit: TOK_EXPLICIT .

    $default  reduce using rule 335 (TagPlicit)


State 162

  334 TagPlicit: TOK_IMPLICIT .

    $default  reduce using rule 334 (TagPlicit)


State 163

  327 Tag: TagTypeValue TagPlicit .

    $default  reduce using rule 327 (Tag)


State 164

  155 ValueAssignment: Identifier Type TOK_PPEQ . Value

    TOK_bstring           shift, and go to state 201
    TOK_cstring           shift, and go to state 202
    TOK_hstring           shift, and go to state 203
    "identifier"          shift, and go to state 15
    "number"              shift, and go to state 204
    "negative number"     shift, and go to state 205
    TOK_realnumber        shift, and go to state 206
    TOK_tuple             shift, and go to state 207
    TOK_quadruple         shift, and go to state 208
    TOK_typereference     shift, and go to state 1
    TOK_capitalreference  shift, and go to state 2
    TOK_FALSE             shift, and go to state 209
    TOK_NULL              shift, and go to state 210
    TOK_TRUE              shift, and go to state 211
    '{'                   shift, and go to state 212

    Value                           go to state 213
    SimpleValue                     go to state 214
    DefinedValue                    go to state 215
    RestrictedCharacterStringValue  go to state 216
    BitStringValue                  go to state 217
    SignedNumber                    go to state 218
    RealValue                       go to state 219
    TypeRefName                     go to state 220
    Identifier                      go to state 221
    IdentifierAsReference           go to state 222
    IdentifierAsValue               go to state 223


State 165

   45 AssignedIdentifier: ObjectIdentifier .

    $default  reduce using rule 45 (AssignedIdentifier)


State 166

   46 ImportsBundle: ImportsList TOK_FROM TypeRefName AssignedIdentifier .

    $default  reduce using rule 46 (ImportsBundle)


State 167

   98 ObjectClass: TOK_CLASS '{' . FieldSpec '}' optWithSyntax

    TOK_typefieldreference   shift, and go to state 224
    TOK_valuefieldreference  shift, and go to state 225

    FieldSpec   go to state 226
    ClassField  go to state 227


State 168

  191 BasicTypeId_UniverationCompatible: TOK_BIT TOK_STRING .

    $default  reduce using rule 191 (BasicTypeId_UniverationCompatible)


State 169

  184 BasicTypeId: TOK_CHARACTER TOK_STRING .

    $default  reduce using rule 184 (BasicTypeId)


State 170

  183 BasicTypeId: TOK_EMBEDDED TOK_PDV .

    $default  reduce using rule 183 (BasicTypeId)


State 171

  180 BasicTypeId: TOK_OBJECT TOK_IDENTIFIER .

    $default  reduce using rule 180 (BasicTypeId)


State 172

  179 BasicTypeId: TOK_OCTET TOK_STRING .

    $default  reduce using rule 179 (BasicTypeId)


State 173

   68 DataTypeReference: TypeRefName '{' ParameterArgumentList '}' . TOK_PPEQ Type
   69                  | TypeRefName '{' ParameterArgumentList '}' . TOK_PPEQ ObjectClass

    TOK_PPEQ  shift, and go to state 228


State 174

   71 ParameterArgumentList: ParameterArgumentList ',' . ParameterArgumentName

    TOK_typereference     shift, and go to state 1
    TOK_capitalreference  shift, and go to state 2
    TOK_BIT               shift, and go to state 118
    TOK_BMPString         shift, and go to state 70
    TOK_BOOLEAN           shift, and go to state 119
    TOK_CHARACTER         shift, and go to state 120
    TOK_EMBEDDED          shift, and go to state 121
    TOK_ENUMERATED        shift, and go to state 122
    TOK_EXTERNAL          shift, and go to state 123
    TOK_GeneralizedTime   shift, and go to state 124
    TOK_GeneralString     shift, and go to state 72
    TOK_GraphicString     shift, and go to state 73
    TOK_IA5String         shift, and go to state 74
    TOK_INTEGER           shift, and go to state 125
    TOK_ISO646String      shift, and go to state 75
    TOK_NULL              shift, and go to state 126
    TOK_NumericString     shift, and go to state 76
    TOK_OBJECT            shift, and go to state 127
    TOK_ObjectDescriptor  shift, and go to state 77
    TOK_OCTET             shift, and go to state 128
    TOK_PrintableString   shift, and go to state 78
    TOK_REAL              shift, and go to state 129
    TOK_RELATIVE_OID      shift, and go to state 130
    TOK_T61String         shift, and go to state 79
    TOK_TeletexString     shift, and go to state 80
    TOK_UniversalString   shift, and go to state 81
    TOK_UTCTime           shift, and go to state 131
    TOK_UTF8String        shift, and go to state 82
    TOK_VideotexString    shift, and go to state 83
    TOK_VisibleString     shift, and go to state 84

    ParameterArgumentName              go to state 229
    BasicTypeId                        go to state 134
    BasicTypeId_UniverationCompatible  go to state 135
    BasicString                        go to state 136
    TypeRefName                        go to state 137


State 175

   75 ParameterArgumentName: BasicTypeId ':' . Identifier
   76                      | BasicTypeId ':' . TypeRefName

    "identifier"          shift, and go to state 15
    TOK_typereference     shift, and go to state 1
    TOK_capitalreference  shift, and go to state 2

    TypeRefName  go to state 230
    Identifier   go to state 231


State 176

   73 ParameterArgumentName: TypeRefName ':' . Identifier
   74                      | TypeRefName ':' . TypeRefName

    "identifier"          shift, and go to state 15
    TOK_typereference     shift, and go to state 1
    TOK_capitalreference  shift, and go to state 2

    TypeRefName  go to state 232
    Identifier   go to state 233


State 177

  328 TagTypeValue: '[' TagClass "number" . ']'

    ']'  shift, and go to state 234


State 178

   62 ValueSet: '{' . ElementSetSpecs '}'

    TOK_bstring           shift, and go to state 201
    TOK_cstring           shift, and go to state 202
    TOK_hstring           shift, and go to state 203
    "identifier"          shift, and go to state 15
    "number"              shift, and go to state 204
    "negative number"     shift, and go to state 205
    TOK_realnumber        shift, and go to state 206
    TOK_tuple             shift, and go to state 207
    TOK_quadruple         shift, and go to state 208
    TOK_typereference     shift, and go to state 235
    TOK_capitalreference  shift, and go to state 236
    TOK_ALL               shift, and go to state 237
    TOK_FALSE             shift, and go to state 209
    TOK_FROM              shift, and go to state 238
    TOK_INCLUDES          shift, and go to state 239
    TOK_MIN               shift, and go to state 240
    TOK_NULL              shift, and go to state 210
    TOK_PATTERN           shift, and go to state 241
    TOK_SIZE              shift, and go to state 189
    TOK_TRUE              shift, and go to state 211
    TOK_WITH              shift, and go to state 242
    "..."                 shift, and go to state 243
    '{'                   shift, and go to state 212
    '('                   shift, and go to state 244

    DefinedType                     go to state 245
    DefinedUntaggedType             go to state 246
    ComplexTypeReference            go to state 158
    Value                           go to state 247
    SimpleValue                     go to state 214
    DefinedValue                    go to state 215
    RestrictedCharacterStringValue  go to state 216
    ElementSetSpecs                 go to state 248
    ElementSetSpec                  go to state 249
    Unions                          go to state 250
    Intersections                   go to state 251
    IntersectionElements            go to state 252
    Elements                        go to state 253
    SubtypeElements                 go to state 254
    PermittedAlphabet               go to state 255
    SizeConstraint                  go to state 256
    PatternConstraint               go to state 257
    ValueRange                      go to state 258
    LowerEndValue                   go to state 259
    SingleValue                     go to state 260
    BitStringValue                  go to state 217
    ContainedSubtype                go to state 261
    InnerTypeConstraints            go to state 262
    SignedNumber                    go to state 218
    RealValue                       go to state 219
    TypeRefName                     go to state 220
    Identifier                      go to state 221
    IdentifierAsReference           go to state 222
    IdentifierAsValue               go to state 223


State 179

   63 ValueSetTypeAssignment: TypeRefName Type TOK_PPEQ ValueSet .

    $default  reduce using rule 63 (ValueSetTypeAssignment)


State 180

  143 ComplexTypeReference: TOK_typereference '.' . TypeRefName

    TOK_typereference     shift, and go to state 1
    TOK_capitalreference  shift, and go to state 2

    TypeRefName  go to state 263


State 181

  144 ComplexTypeReference: TOK_capitalreference '.' . TypeRefName
  145                     | TOK_capitalreference '.' . ComplexTypeReferenceAmpList

    TOK_typereference        shift, and go to state 1
    TOK_capitalreference     shift, and go to state 2
    TOK_typefieldreference   shift, and go to state 264
    TOK_valuefieldreference  shift, and go to state 265

    ComplexTypeReferenceAmpList  go to state 266
    ComplexTypeReferenceElement  go to state 267
    PrimitiveFieldReference      go to state 268
    TypeRefName                  go to state 269


State 182

  196 BuiltinType: TOK_ExtValue_BIT_STRING '{' . IdentifierList '}'
  197            | TOK_ExtValue_BIT_STRING '{' . '}'

    "identifier"  shift, and go to state 15
    '}'           shift, and go to state 270

    IdentifierList     go to state 271
    IdentifierElement  go to state 272
    Identifier         go to state 273


State 183

  139 ConcreteTypeDeclaration: TOK_ANY TOK_DEFINED . TOK_BY Identifier

    TOK_BY  shift, and go to state 274


State 184

  191 BasicTypeId_UniverationCompatible: TOK_BIT TOK_STRING .
  195 BuiltinType: TOK_BIT TOK_STRING . '{' NamedBitList '}'

    '{'  shift, and go to state 275

    $default  reduce using rule 191 (BasicTypeId_UniverationCompatible)


State 185

  133 ConcreteTypeDeclaration: TOK_CHOICE '{' . AlternativeTypeLists '}'

    "identifier"  shift, and go to state 15
    "..."         shift, and go to state 276
    '['           shift, and go to state 104

    $default  reduce using rule 325 (optTag)

    AlternativeTypeLists     go to state 277
    AlternativeType          go to state 278
    ExtensionAndException    go to state 279
    MaybeIndirectTaggedType  go to state 280
    optTag                   go to state 281
    Tag                      go to state 108
    TagTypeValue             go to state 109
    Identifier               go to state 282


State 186

  194 BuiltinType: TOK_ENUMERATED '{' . Enumerations '}'

    "identifier"       shift, and go to state 15
    "number"           shift, and go to state 204
    "negative number"  shift, and go to state 205
    "..."              shift, and go to state 283

    Enumerations        go to state 284
    UniverationList     go to state 285
    UniverationElement  go to state 286
    SignedNumber        go to state 287
    Identifier          go to state 288


State 187

  140 ConcreteTypeDeclaration: TOK_INSTANCE TOK_OF . ComplexTypeReference

    TOK_typereference     shift, and go to state 143
    TOK_capitalreference  shift, and go to state 144

    ComplexTypeReference  go to state 289


State 188

  193 BuiltinType: TOK_INTEGER '{' . NamedNumberList '}'

    "identifier"  shift, and go to state 15

    NamedNumberList  go to state 290
    NamedNumber      go to state 291
    Identifier       go to state 292


State 189

  251 SizeConstraint: TOK_SIZE . Constraint

    '('  shift, and go to state 191

    Constraint  go to state 293


State 190

  134 ConcreteTypeDeclaration: TOK_SEQUENCE '{' . optComponentTypeLists '}'

    "identifier"    shift, and go to state 15
    TOK_COMPONENTS  shift, and go to state 294
    "..."           shift, and go to state 276
    '['             shift, and go to state 104

    '}'       reduce using rule 83 (optComponentTypeLists)
    $default  reduce using rule 325 (optTag)

    optComponentTypeLists    go to state 295
    ComponentTypeLists       go to state 296
    ComponentType            go to state 297
    ExtensionAndException    go to state 298
    MaybeIndirectTaggedType  go to state 299
    optTag                   go to state 281
    Tag                      go to state 108
    TagTypeValue             go to state 109
    Identifier               go to state 300


State 191

  223 Constraint: '(' . ConstraintSpec ')'

    TOK_bstring           shift, and go to state 201
    TOK_cstring           shift, and go to state 202
    TOK_hstring           shift, and go to state 203
    "identifier"          shift, and go to state 15
    "number"              shift, and go to state 204
    "negative number"     shift, and go to state 205
    TOK_realnumber        shift, and go to state 206
    TOK_tuple             shift, and go to state 207
    TOK_quadruple         shift, and go to state 208
    TOK_typereference     shift, and go to state 235
    TOK_capitalreference  shift, and go to state 236
    TOK_ALL               shift, and go to state 237
    TOK_CONSTRAINED       shift, and go to state 301
    TOK_CONTAINING        shift, and go to state 302
    TOK_FALSE             shift, and go to state 209
    TOK_FROM              shift, and go to state 238
    TOK_INCLUDES          shift, and go to state 239
    TOK_MIN               shift, and go to state 240
    TOK_NULL              shift, and go to state 210
    TOK_PATTERN           shift, and go to state 241
    TOK_SIZE              shift, and go to state 189
    TOK_TRUE              shift, and go to state 211
    TOK_WITH              shift, and go to state 242
    "..."                 shift, and go to state 243
    '{'                   shift, and go to state 303
    '('                   shift, and go to state 244

    DefinedType                     go to state 245
    DefinedUntaggedType             go to state 246
    ComplexTypeReference            go to state 158
    Value                           go to state 247
    SimpleValue                     go to state 214
    DefinedValue                    go to state 215
    RestrictedCharacterStringValue  go to state 216
    ConstraintSpec                  go to state 304
    SubtypeConstraint               go to state 305
    ElementSetSpecs                 go to state 306
    ElementSetSpec                  go to state 249
    Unions                          go to state 250
    Intersections                   go to state 251
    IntersectionElements            go to state 252
    Elements                        go to state 253
    SubtypeElements                 go to state 254
    PermittedAlphabet               go to state 255
    SizeConstraint                  go to state 256
    PatternConstraint               go to state 257
    ValueRange                      go to state 258
    LowerEndValue                   go to state 259
    SingleValue                     go to state 260
    BitStringValue                  go to state 217
    ContainedSubtype                go to state 261
    InnerTypeConstraints            go to state 262
    GeneralConstraint               go to state 307
    UserDefinedConstraint           go to state 308
    ContentsConstraint              go to state 309
    TableConstraint                 go to state 310
    SimpleTableConstraint           go to state 311
    ComponentRelationConstraint     go to state 312
    SignedNumber                    go to state 218
    RealValue                       go to state 219
    TypeRefName                     go to state 220
    Identifier                      go to state 221
    IdentifierAsReference           go to state 222
    IdentifierAsValue               go to state 223


State 192

  136 ConcreteTypeDeclaration: TOK_SEQUENCE optSizeOrConstraint . TOK_OF optIdentifier optTag MaybeIndirectTypeDeclaration

    TOK_OF  shift, and go to state 313


State 193

  221 optSizeOrConstraint: Constraint .

    $default  reduce using rule 221 (optSizeOrConstraint)


State 194

  222 optSizeOrConstraint: SizeConstraint .

    $default  reduce using rule 222 (optSizeOrConstraint)


State 195

  135 ConcreteTypeDeclaration: TOK_SET '{' . optComponentTypeLists '}'

    "identifier"    shift, and go to state 15
    TOK_COMPONENTS  shift, and go to state 294
    "..."           shift, and go to state 276
    '['             shift, and go to state 104

    '}'       reduce using rule 83 (optComponentTypeLists)
    $default  reduce using rule 325 (optTag)

    optComponentTypeLists    go to state 314
    ComponentTypeLists       go to state 296
    ComponentType            go to state 297
    ExtensionAndException    go to state 298
    MaybeIndirectTaggedType  go to state 299
    optTag                   go to state 281
    Tag                      go to state 108
    TagTypeValue             go to state 109
    Identifier               go to state 300


State 196

  137 ConcreteTypeDeclaration: TOK_SET optSizeOrConstraint . TOK_OF optIdentifier optTag MaybeIndirectTypeDeclaration

    TOK_OF  shift, and go to state 315


State 197

  126 UntaggedType: TypeDeclaration optManyConstraints .

    $default  reduce using rule 126 (UntaggedType)


State 198

  224 ManyConstraints: Constraint .

    $default  reduce using rule 224 (ManyConstraints)


State 199

  219 optManyConstraints: ManyConstraints .
  225 ManyConstraints: ManyConstraints . Constraint

    '('  shift, and go to state 191

    $default  reduce using rule 219 (optManyConstraints)

    Constraint  go to state 316


State 200

   65 DefinedType: ComplexTypeReference '{' . ActualParameterList '}'

    TOK_bstring              shift, and go to state 201
    TOK_cstring              shift, and go to state 202
    TOK_hstring              shift, and go to state 203
    "identifier"             shift, and go to state 15
    "number"                 shift, and go to state 204
    "negative number"        shift, and go to state 205
    TOK_realnumber           shift, and go to state 206
    TOK_tuple                shift, and go to state 207
    TOK_quadruple            shift, and go to state 208
    TOK_typereference        shift, and go to state 235
    TOK_capitalreference     shift, and go to state 236
    TOK_ExtValue_BIT_STRING  shift, and go to state 145
    TOK_ANY                  shift, and go to state 146
    TOK_BIT                  shift, and go to state 147
    TOK_BMPString            shift, and go to state 70
    TOK_BOOLEAN              shift, and go to state 119
    TOK_CHARACTER            shift, and go to state 120
    TOK_CHOICE               shift, and go to state 148
    TOK_EMBEDDED             shift, and go to state 121
    TOK_ENUMERATED           shift, and go to state 149
    TOK_EXTERNAL             shift, and go to state 123
    TOK_FALSE                shift, and go to state 209
    TOK_GeneralizedTime      shift, and go to state 124
    TOK_GeneralString        shift, and go to state 72
    TOK_GraphicString        shift, and go to state 73
    TOK_IA5String            shift, and go to state 74
    TOK_INSTANCE             shift, and go to state 150
    TOK_INTEGER              shift, and go to state 151
    TOK_ISO646String         shift, and go to state 75
    TOK_NULL                 shift, and go to state 317
    TOK_NumericString        shift, and go to state 76
    TOK_OBJECT               shift, and go to state 127
    TOK_ObjectDescriptor     shift, and go to state 77
    TOK_OCTET                shift, and go to state 128
    TOK_PrintableString      shift, and go to state 78
    TOK_REAL                 shift, and go to state 129
    TOK_RELATIVE_OID         shift, and go to state 130
    TOK_SEQUENCE             shift, and go to state 152
    TOK_SET                  shift, and go to state 153
    TOK_T61String            shift, and go to state 79
    TOK_TeletexString        shift, and go to state 80
    TOK_TRUE                 shift, and go to state 211
    TOK_UniversalString      shift, and go to state 81
    TOK_UTCTime              shift, and go to state 131
    TOK_UTF8String           shift, and go to state 82
    TOK_VideotexString       shift, and go to state 83
    TOK_VisibleString        shift, and go to state 84
    '{'                      shift, and go to state 178

    ValueSet                           go to state 318
    DefinedType                        go to state 154
    ActualParameterList                go to state 319
    ActualParameter                    go to state 320
    UntaggedType                       go to state 321
    TypeDeclaration                    go to state 156
    ConcreteTypeDeclaration            go to state 157
    ComplexTypeReference               go to state 158
    SimpleValue                        go to state 322
    DefinedValue                       go to state 323
    RestrictedCharacterStringValue     go to state 216
    BasicTypeId                        go to state 159
    BasicTypeId_UniverationCompatible  go to state 135
    BuiltinType                        go to state 160
    BasicString                        go to state 136
    BitStringValue                     go to state 217
    SignedNumber                       go to state 218
    RealValue                          go to state 219
    TypeRefName                        go to state 220
    Identifier                         go to state 221
    IdentifierAsReference              go to state 222
    IdentifierAsValue                  go to state 223


State 201

  260 BitStringValue: TOK_bstring .

    $default  reduce using rule 260 (BitStringValue)


State 202

  169 RestrictedCharacterStringValue: TOK_cstring .

    $default  reduce using rule 169 (RestrictedCharacterStringValue)


State 203

  261 BitStringValue: TOK_hstring .

    $default  reduce using rule 261 (BitStringValue)


State 204

  322 SignedNumber: "number" .

    $default  reduce using rule 322 (SignedNumber)


State 205

  323 SignedNumber: "negative number" .

    $default  reduce using rule 323 (SignedNumber)


State 206

  324 RealValue: TOK_realnumber .

    $default  reduce using rule 324 (RealValue)


State 207

  170 RestrictedCharacterStringValue: TOK_tuple .

    $default  reduce using rule 170 (RestrictedCharacterStringValue)


State 208

  171 RestrictedCharacterStringValue: TOK_quadruple .

    $default  reduce using rule 171 (RestrictedCharacterStringValue)


State 209

  161 SimpleValue: TOK_FALSE .

    $default  reduce using rule 161 (SimpleValue)


State 210

  160 SimpleValue: TOK_NULL .

    $default  reduce using rule 160 (SimpleValue)


State 211

  162 SimpleValue: TOK_TRUE .

    $default  reduce using rule 162 (SimpleValue)


State 212

  159 Value: '{' . $@4 Opaque

    $default  reduce using rule 158 ($@4)

    $@4  go to state 324


State 213

  155 ValueAssignment: Identifier Type TOK_PPEQ Value .

    $default  reduce using rule 155 (ValueAssignment)


State 214

  156 Value: SimpleValue .

    $default  reduce using rule 156 (Value)


State 215

  157 Value: DefinedValue .

    $default  reduce using rule 157 (Value)


State 216

  165 SimpleValue: RestrictedCharacterStringValue .

    $default  reduce using rule 165 (SimpleValue)


State 217

  166 SimpleValue: BitStringValue .

    $default  reduce using rule 166 (SimpleValue)


State 218

  163 SimpleValue: SignedNumber .

    $default  reduce using rule 163 (SimpleValue)


State 219

  164 SimpleValue: RealValue .

    $default  reduce using rule 164 (SimpleValue)


State 220

  168 DefinedValue: TypeRefName . '.' Identifier

    '.'  shift, and go to state 325


State 221

  341 IdentifierAsReference: Identifier .

    $default  reduce using rule 341 (IdentifierAsReference)


State 222

  342 IdentifierAsValue: IdentifierAsReference .

    $default  reduce using rule 342 (IdentifierAsValue)


State 223

  167 DefinedValue: IdentifierAsValue .

    $default  reduce using rule 167 (DefinedValue)


State 224

  103 ClassField: TOK_typefieldreference . optMarker
  107           | TOK_typefieldreference . FieldName optMarker
  108           | TOK_typefieldreference . Type optMarker
  109           | TOK_typefieldreference . DefinedObjectClass optMarker

    TOK_capitalreference    shift, and go to state 326
    TOK_typefieldreference  shift, and go to state 327
    TOK_DEFAULT             shift, and go to state 328
    TOK_OPTIONAL            shift, and go to state 329
    '['                     shift, and go to state 104

    TOK_capitalreference  [reduce using rule 325 (optTag)]
    '}'                   reduce using rule 299 (optMarker)
    ','                   reduce using rule 299 (optMarker)
    $default              reduce using rule 325 (optTag)

    Type                go to state 330
    TaggedType          go to state 106
    FieldName           go to state 331
    DefinedObjectClass  go to state 332
    optMarker           go to state 333
    Marker              go to state 334
    optTag              go to state 107
    Tag                 go to state 108
    TagTypeValue        go to state 109


State 225

  104 ClassField: TOK_valuefieldreference . Type optUNIQUE optMarker
  105           | TOK_valuefieldreference . FieldName optMarker
  106           | TOK_valuefieldreference . DefinedObjectClass optMarker

    TOK_capitalreference    shift, and go to state 326
    TOK_typefieldreference  shift, and go to state 327
    '['                     shift, and go to state 104

    TOK_capitalreference  [reduce using rule 325 (optTag)]
    $default              reduce using rule 325 (optTag)

    Type                go to state 335
    TaggedType          go to state 106
    FieldName           go to state 336
    DefinedObjectClass  go to state 337
    optTag              go to state 107
    Tag                 go to state 108
    TagTypeValue        go to state 109


State 226

   98 ObjectClass: TOK_CLASS '{' FieldSpec . '}' optWithSyntax
  102 FieldSpec: FieldSpec . ',' ClassField

    '}'  shift, and go to state 338
    ','  shift, and go to state 339


State 227

  101 FieldSpec: ClassField .

    $default  reduce using rule 101 (FieldSpec)


State 228

   68 DataTypeReference: TypeRefName '{' ParameterArgumentList '}' TOK_PPEQ . Type
   69                  | TypeRefName '{' ParameterArgumentList '}' TOK_PPEQ . ObjectClass

    TOK_CLASS  shift, and go to state 115
    '['        shift, and go to state 104

    $default  reduce using rule 325 (optTag)

    ObjectClass   go to state 340
    Type          go to state 341
    TaggedType    go to state 106
    optTag        go to state 107
    Tag           go to state 108
    TagTypeValue  go to state 109


State 229

   71 ParameterArgumentList: ParameterArgumentList ',' ParameterArgumentName .

    $default  reduce using rule 71 (ParameterArgumentList)


State 230

   76 ParameterArgumentName: BasicTypeId ':' TypeRefName .

    $default  reduce using rule 76 (ParameterArgumentName)


State 231

   75 ParameterArgumentName: BasicTypeId ':' Identifier .

    $default  reduce using rule 75 (ParameterArgumentName)


State 232

   74 ParameterArgumentName: TypeRefName ':' TypeRefName .

    $default  reduce using rule 74 (ParameterArgumentName)


State 233

   73 ParameterArgumentName: TypeRefName ':' Identifier .

    $default  reduce using rule 73 (ParameterArgumentName)


State 234

  328 TagTypeValue: '[' TagClass "number" ']' .

    $default  reduce using rule 328 (TagTypeValue)


State 235

  141 ComplexTypeReference: TOK_typereference .
  143                     | TOK_typereference . '.' TypeRefName
  336 TypeRefName: TOK_typereference .

    '.'  shift, and go to state 180

    '.'       [reduce using rule 336 (TypeRefName)]
    $default  reduce using rule 141 (ComplexTypeReference)


State 236

  142 ComplexTypeReference: TOK_capitalreference .
  144                     | TOK_capitalreference . '.' TypeRefName
  145                     | TOK_capitalreference . '.' ComplexTypeReferenceAmpList
  337 TypeRefName: TOK_capitalreference .

    '.'  shift, and go to state 181

    '.'       [reduce using rule 337 (TypeRefName)]
    $default  reduce using rule 142 (ComplexTypeReference)


State 237

  234 ElementSetSpec: TOK_ALL . TOK_EXCEPT Elements

    TOK_EXCEPT  shift, and go to state 342


State 238

  250 PermittedAlphabet: TOK_FROM . Constraint

    '('  shift, and go to state 191

    Constraint  go to state 343


State 239

  262 ContainedSubtype: TOK_INCLUDES . Type

    '['  shift, and go to state 104

    $default  reduce using rule 325 (optTag)

    Type          go to state 344
    TaggedType    go to state 106
    optTag        go to state 107
    Tag           go to state 108
    TagTypeValue  go to state 109


State 240

  256 LowerEndValue: TOK_MIN .

    $default  reduce using rule 256 (LowerEndValue)


State 241

  252 PatternConstraint: TOK_PATTERN . TOK_cstring
  253                  | TOK_PATTERN . Identifier

    TOK_cstring   shift, and go to state 345
    "identifier"  shift, and go to state 15

    Identifier  go to state 346


State 242

  264 InnerTypeConstraints: TOK_WITH . TOK_COMPONENT SingleTypeConstraint
  265                     | TOK_WITH . TOK_COMPONENTS MultipleTypeConstraints

    TOK_COMPONENT   shift, and go to state 347
    TOK_COMPONENTS  shift, and go to state 348


State 243

  229 ElementSetSpecs: "..." .

    $default  reduce using rule 229 (ElementSetSpecs)


State 244

  242 Elements: '(' . ElementSetSpec ')'

    TOK_bstring           shift, and go to state 201
    TOK_cstring           shift, and go to state 202
    TOK_hstring           shift, and go to state 203
    "identifier"          shift, and go to state 15
    "number"              shift, and go to state 204
    "negative number"     shift, and go to state 205
    TOK_realnumber        shift, and go to state 206
    TOK_tuple             shift, and go to state 207
    TOK_quadruple         shift, and go to state 208
    TOK_typereference     shift, and go to state 235
    TOK_capitalreference  shift, and go to state 236
    TOK_ALL               shift, and go to state 237
    TOK_FALSE             shift, and go to state 209
    TOK_FROM              shift, and go to state 238
    TOK_INCLUDES          shift, and go to state 239
    TOK_MIN               shift, and go to state 240
    TOK_NULL              shift, and go to state 210
    TOK_PATTERN           shift, and go to state 241
    TOK_SIZE              shift, and go to state 189
    TOK_TRUE              shift, and go to state 211
    TOK_WITH              shift, and go to state 242
    '{'                   shift, and go to state 212
    '('                   shift, and go to state 244

    DefinedType                     go to state 245
    DefinedUntaggedType             go to state 246
    ComplexTypeReference            go to state 158
    Value                           go to state 247
    SimpleValue                     go to state 214
    DefinedValue                    go to state 215
    RestrictedCharacterStringValue  go to state 216
    ElementSetSpec                  go to state 349
    Unions                          go to state 250
    Intersections                   go to state 251
    IntersectionElements            go to state 252
    Elements                        go to state 253
    SubtypeElements                 go to state 254
    PermittedAlphabet               go to state 255
    SizeConstraint                  go to state 256
    PatternConstraint               go to state 257
    ValueRange                      go to state 258
    LowerEndValue                   go to state 259
    SingleValue                     go to state 260
    BitStringValue                  go to state 217
    ContainedSubtype                go to state 261
    InnerTypeConstraints            go to state 262
    SignedNumber                    go to state 218
    RealValue                       go to state 219
    TypeRefName                     go to state 220
    Identifier                      go to state 221
    IdentifierAsReference           go to state 222
    IdentifierAsValue               go to state 223


State 245

  125 DefinedUntaggedType: DefinedType . optManyConstraints

    '('  shift, and go to state 191

    $default  reduce using rule 218 (optManyConstraints)

    optManyConstraints  go to state 350
    Constraint          go to state 198
    ManyConstraints     go to state 199


State 246

  263 ContainedSubtype: DefinedUntaggedType .

    $default  reduce using rule 263 (ContainedSubtype)


State 247

  259 SingleValue: Value .

    $default  reduce using rule 259 (SingleValue)


State 248

   62 ValueSet: '{' ElementSetSpecs . '}'

    '}'  shift, and go to state 351


State 249

  230 ElementSetSpecs: ElementSetSpec .
  231                | ElementSetSpec . ',' "..."
  232                | ElementSetSpec . ',' "..." ',' ElementSetSpec

    ','  shift, and go to state 352

    $default  reduce using rule 230 (ElementSetSpecs)


State 250

  233 ElementSetSpec: Unions .
  236 Unions: Unions . UnionMark Intersections

    '|'        shift, and go to state 353
    TOK_UNION  shift, and go to state 354

    $default  reduce using rule 233 (ElementSetSpec)

    UnionMark  go to state 355


State 251

  235 Unions: Intersections .
  238 Intersections: Intersections . IntersectionMark IntersectionElements

    '^'               shift, and go to state 356
    TOK_INTERSECTION  shift, and go to state 357

    $default  reduce using rule 235 (Unions)

    IntersectionMark  go to state 358


State 252

  237 Intersections: IntersectionElements .

    $default  reduce using rule 237 (Intersections)


State 253

  239 IntersectionElements: Elements .
  240                     | Elements . TOK_EXCEPT Elements

    TOK_EXCEPT  shift, and go to state 359

    $default  reduce using rule 239 (IntersectionElements)


State 254

  241 Elements: SubtypeElements .

    $default  reduce using rule 241 (Elements)


State 255

  245 SubtypeElements: PermittedAlphabet .

    $default  reduce using rule 245 (SubtypeElements)


State 256

  246 SubtypeElements: SizeConstraint .

    $default  reduce using rule 246 (SubtypeElements)


State 257

  248 SubtypeElements: PatternConstraint .

    $default  reduce using rule 248 (SubtypeElements)


State 258

  249 SubtypeElements: ValueRange .

    $default  reduce using rule 249 (SubtypeElements)


State 259

  254 ValueRange: LowerEndValue . ConstraintRangeSpec UpperEndValue

    ".."  shift, and go to state 360
    '<'   shift, and go to state 361

    ConstraintRangeSpec  go to state 362


State 260

  243 SubtypeElements: SingleValue .
  255 LowerEndValue: SingleValue .

    ".."      reduce using rule 255 (LowerEndValue)
    '<'       reduce using rule 255 (LowerEndValue)
    $default  reduce using rule 243 (SubtypeElements)


State 261

  244 SubtypeElements: ContainedSubtype .

    $default  reduce using rule 244 (SubtypeElements)


State 262

  247 SubtypeElements: InnerTypeConstraints .

    $default  reduce using rule 247 (SubtypeElements)


State 263

  143 ComplexTypeReference: TOK_typereference '.' TypeRefName .

    $default  reduce using rule 143 (ComplexTypeReference)


State 264

  149 PrimitiveFieldReference: TOK_typefieldreference .

    $default  reduce using rule 149 (PrimitiveFieldReference)


State 265

  150 PrimitiveFieldReference: TOK_valuefieldreference .

    $default  reduce using rule 150 (PrimitiveFieldReference)


State 266

  145 ComplexTypeReference: TOK_capitalreference '.' ComplexTypeReferenceAmpList .
  147 ComplexTypeReferenceAmpList: ComplexTypeReferenceAmpList . '.' ComplexTypeReferenceElement

    '.'  shift, and go to state 363

    $default  reduce using rule 145 (ComplexTypeReference)


State 267

  146 ComplexTypeReferenceAmpList: ComplexTypeReferenceElement .

    $default  reduce using rule 146 (ComplexTypeReferenceAmpList)


State 268

  148 ComplexTypeReferenceElement: PrimitiveFieldReference .

    $default  reduce using rule 148 (ComplexTypeReferenceElement)


State 269

  144 ComplexTypeReference: TOK_capitalreference '.' TypeRefName .

    $default  reduce using rule 144 (ComplexTypeReference)


State 270

  197 BuiltinType: TOK_ExtValue_BIT_STRING '{' '}' .

    $default  reduce using rule 197 (BuiltinType)


State 271

  196 BuiltinType: TOK_ExtValue_BIT_STRING '{' IdentifierList . '}'
  304 IdentifierList: IdentifierList . ',' IdentifierElement

    '}'  shift, and go to state 364
    ','  shift, and go to state 365


State 272

  303 IdentifierList: IdentifierElement .

    $default  reduce using rule 303 (IdentifierList)


State 273

  305 IdentifierElement: Identifier .

    $default  reduce using rule 305 (IdentifierElement)


State 274

  139 ConcreteTypeDeclaration: TOK_ANY TOK_DEFINED TOK_BY . Identifier

    "identifier"  shift, and go to state 15

    Identifier  go to state 366


State 275

  195 BuiltinType: TOK_BIT TOK_STRING '{' . NamedBitList '}'

    "identifier"  shift, and go to state 15

    NamedBitList  go to state 367
    NamedBit      go to state 368
    Identifier    go to state 369


State 276

  120 ExtensionAndException: "..." .
  121                      | "..." . '!' DefinedValue
  122                      | "..." . '!' SignedNumber

    '!'  shift, and go to state 370

    $default  reduce using rule 120 (ExtensionAndException)


State 277

   93 AlternativeTypeLists: AlternativeTypeLists . ',' AlternativeType
   94                     | AlternativeTypeLists . ',' TOK_VBracketLeft AlternativeTypeLists TOK_VBracketRight
  133 ConcreteTypeDeclaration: TOK_CHOICE '{' AlternativeTypeLists . '}'

    '}'  shift, and go to state 371
    ','  shift, and go to state 372


State 278

   92 AlternativeTypeLists: AlternativeType .

    $default  reduce using rule 92 (AlternativeTypeLists)


State 279

   96 AlternativeType: ExtensionAndException .

    $default  reduce using rule 96 (AlternativeType)


State 280

   97 AlternativeType: MaybeIndirectTaggedType .

    $default  reduce using rule 97 (AlternativeType)


State 281

  127 MaybeIndirectTaggedType: optTag . MaybeIndirectTypeDeclaration optManyConstraints

    $default  reduce using rule 128 (NSTD_IndirectMarker)

    NSTD_IndirectMarker           go to state 373
    MaybeIndirectTypeDeclaration  go to state 374


State 282

   95 AlternativeType: Identifier . MaybeIndirectTaggedType

    '['  shift, and go to state 104

    $default  reduce using rule 325 (optTag)

    MaybeIndirectTaggedType  go to state 375
    optTag                   go to state 281
    Tag                      go to state 108
    TagTypeValue             go to state 109


State 283

  321 UniverationElement: "..." .

    $default  reduce using rule 321 (UniverationElement)


State 284

  194 BuiltinType: TOK_ENUMERATED '{' Enumerations . '}'

    '}'  shift, and go to state 376


State 285

  314 Enumerations: UniverationList .
  316 UniverationList: UniverationList . ',' UniverationElement

    ','  shift, and go to state 377

    $default  reduce using rule 314 (Enumerations)


State 286

  315 UniverationList: UniverationElement .

    $default  reduce using rule 315 (UniverationList)


State 287

  320 UniverationElement: SignedNumber .

    $default  reduce using rule 320 (UniverationElement)


State 288

  317 UniverationElement: Identifier .
  318                   | Identifier . '(' SignedNumber ')'
  319                   | Identifier . '(' DefinedValue ')'

    '('  shift, and go to state 378

    $default  reduce using rule 317 (UniverationElement)


State 289

  140 ConcreteTypeDeclaration: TOK_INSTANCE TOK_OF ComplexTypeReference .

    $default  reduce using rule 140 (ConcreteTypeDeclaration)


State 290

  193 BuiltinType: TOK_INTEGER '{' NamedNumberList . '}'
  307 NamedNumberList: NamedNumberList . ',' NamedNumber

    '}'  shift, and go to state 379
    ','  shift, and go to state 380


State 291

  306 NamedNumberList: NamedNumber .

    $default  reduce using rule 306 (NamedNumberList)


State 292

  308 NamedNumber: Identifier . '(' SignedNumber ')'
  309            | Identifier . '(' DefinedValue ')'

    '('  shift, and go to state 381


State 293

  251 SizeConstraint: TOK_SIZE Constraint .

    $default  reduce using rule 251 (SizeConstraint)


State 294

   90 ComponentType: TOK_COMPONENTS . TOK_OF MaybeIndirectTaggedType

    TOK_OF  shift, and go to state 382


State 295

  134 ConcreteTypeDeclaration: TOK_SEQUENCE '{' optComponentTypeLists . '}'

    '}'  shift, and go to state 383


State 296

   84 optComponentTypeLists: ComponentTypeLists .
   86 ComponentTypeLists: ComponentTypeLists . ',' ComponentType
   87                   | ComponentTypeLists . ',' TOK_VBracketLeft ComponentTypeLists TOK_VBracketRight

    ','  shift, and go to state 384

    $default  reduce using rule 84 (optComponentTypeLists)


State 297

   85 ComponentTypeLists: ComponentType .

    $default  reduce using rule 85 (ComponentTypeLists)


State 298

   91 ComponentType: ExtensionAndException .

    $default  reduce using rule 91 (ComponentType)


State 299

   89 ComponentType: MaybeIndirectTaggedType . optMarker

    TOK_DEFAULT   shift, and go to state 328
    TOK_OPTIONAL  shift, and go to state 329

    $default  reduce using rule 299 (optMarker)

    optMarker  go to state 385
    Marker     go to state 334


State 300

   88 ComponentType: Identifier . MaybeIndirectTaggedType optMarker

    '['  shift, and go to state 104

    $default  reduce using rule 325 (optTag)

    MaybeIndirectTaggedType  go to state 386
    optTag                   go to state 281
    Tag                      go to state 108
    TagTypeValue             go to state 109


State 301

  283 UserDefinedConstraint: TOK_CONSTRAINED . TOK_BY '{' $@5 Opaque

    TOK_BY  shift, and go to state 387


State 302

  284 ContentsConstraint: TOK_CONTAINING . Type

    '['  shift, and go to state 104

    $default  reduce using rule 325 (optTag)

    Type          go to state 388
    TaggedType    go to state 106
    optTag        go to state 107
    Tag           go to state 108
    TagTypeValue  go to state 109


State 303

  159 Value: '{' . $@4 Opaque
  291 SimpleTableConstraint: '{' . TypeRefName '}'

    TOK_typereference     shift, and go to state 1
    TOK_capitalreference  shift, and go to state 2

    $default  reduce using rule 158 ($@4)

    $@4          go to state 324
    TypeRefName  go to state 389


State 304

  223 Constraint: '(' ConstraintSpec . ')'

    ')'  shift, and go to state 390


State 305

  226 ConstraintSpec: SubtypeConstraint .

    $default  reduce using rule 226 (ConstraintSpec)


State 306

  228 SubtypeConstraint: ElementSetSpecs .

    $default  reduce using rule 228 (SubtypeConstraint)


State 307

  227 ConstraintSpec: GeneralConstraint .

    $default  reduce using rule 227 (ConstraintSpec)


State 308

  279 GeneralConstraint: UserDefinedConstraint .

    $default  reduce using rule 279 (GeneralConstraint)


State 309

  281 GeneralConstraint: ContentsConstraint .

    $default  reduce using rule 281 (GeneralConstraint)


State 310

  280 GeneralConstraint: TableConstraint .

    $default  reduce using rule 280 (GeneralConstraint)


State 311

  289 TableConstraint: SimpleTableConstraint .
  292 ComponentRelationConstraint: SimpleTableConstraint . '{' AtNotationList '}'

    '{'  shift, and go to state 391

    $default  reduce using rule 289 (TableConstraint)


State 312

  290 TableConstraint: ComponentRelationConstraint .

    $default  reduce using rule 290 (TableConstraint)


State 313

  136 ConcreteTypeDeclaration: TOK_SEQUENCE optSizeOrConstraint TOK_OF . optIdentifier optTag MaybeIndirectTypeDeclaration

    "identifier"  shift, and go to state 15

    $default  reduce using rule 338 (optIdentifier)

    optIdentifier  go to state 392
    Identifier     go to state 393


State 314

  135 ConcreteTypeDeclaration: TOK_SET '{' optComponentTypeLists . '}'

    '}'  shift, and go to state 394


State 315

  137 ConcreteTypeDeclaration: TOK_SET optSizeOrConstraint TOK_OF . optIdentifier optTag MaybeIndirectTypeDeclaration

    "identifier"  shift, and go to state 15

    $default  reduce using rule 338 (optIdentifier)

    optIdentifier  go to state 395
    Identifier     go to state 393


State 316

  225 ManyConstraints: ManyConstraints Constraint .

    $default  reduce using rule 225 (ManyConstraints)


State 317

  160 SimpleValue: TOK_NULL .
  177 BasicTypeId: TOK_NULL .

    '}'       reduce using rule 160 (SimpleValue)
    '}'       [reduce using rule 177 (BasicTypeId)]
    '('       reduce using rule 177 (BasicTypeId)
    ','       reduce using rule 160 (SimpleValue)
    ','       [reduce using rule 177 (BasicTypeId)]
    $default  reduce using rule 160 (SimpleValue)


State 318

   82 ActualParameter: ValueSet .

    $default  reduce using rule 82 (ActualParameter)


State 319

   65 DefinedType: ComplexTypeReference '{' ActualParameterList . '}'
   78 ActualParameterList: ActualParameterList . ',' ActualParameter

    '}'  shift, and go to state 396
    ','  shift, and go to state 397


State 320

   77 ActualParameterList: ActualParameter .

    $default  reduce using rule 77 (ActualParameterList)


State 321

   79 ActualParameter: UntaggedType .

    $default  reduce using rule 79 (ActualParameter)


State 322

   80 ActualParameter: SimpleValue .

    $default  reduce using rule 80 (ActualParameter)


State 323

   81 ActualParameter: DefinedValue .

    $default  reduce using rule 81 (ActualParameter)


State 324

  159 Value: '{' $@4 . Opaque

    TOK_opaque    shift, and go to state 398
    "identifier"  shift, and go to state 15

    Opaque            go to state 399
    OpaqueFirstToken  go to state 400
    Identifier        go to state 401


State 325

  168 DefinedValue: TypeRefName '.' . Identifier

    "identifier"  shift, and go to state 15

    Identifier  go to state 402


State 326

  154 DefinedObjectClass: TOK_capitalreference .

    $default  reduce using rule 154 (DefinedObjectClass)


State 327

  151 FieldName: TOK_typefieldreference .

    $default  reduce using rule 151 (FieldName)


State 328

  302 Marker: TOK_DEFAULT . Value

    TOK_bstring           shift, and go to state 201
    TOK_cstring           shift, and go to state 202
    TOK_hstring           shift, and go to state 203
    "identifier"          shift, and go to state 15
    "number"              shift, and go to state 204
    "negative number"     shift, and go to state 205
    TOK_realnumber        shift, and go to state 206
    TOK_tuple             shift, and go to state 207
    TOK_quadruple         shift, and go to state 208
    TOK_typereference     shift, and go to state 1
    TOK_capitalreference  shift, and go to state 2
    TOK_FALSE             shift, and go to state 209
    TOK_NULL              shift, and go to state 210
    TOK_TRUE              shift, and go to state 211
    '{'                   shift, and go to state 212

    Value                           go to state 403
    SimpleValue                     go to state 214
    DefinedValue                    go to state 215
    RestrictedCharacterStringValue  go to state 216
    BitStringValue                  go to state 217
    SignedNumber                    go to state 218
    RealValue                       go to state 219
    TypeRefName                     go to state 220
    Identifier                      go to state 221
    IdentifierAsReference           go to state 222
    IdentifierAsValue               go to state 223


State 329

  301 Marker: TOK_OPTIONAL .

    $default  reduce using rule 301 (Marker)


State 330

  108 ClassField: TOK_typefieldreference Type . optMarker

    TOK_DEFAULT   shift, and go to state 328
    TOK_OPTIONAL  shift, and go to state 329

    $default  reduce using rule 299 (optMarker)

    optMarker  go to state 404
    Marker     go to state 334


State 331

  107 ClassField: TOK_typefieldreference FieldName . optMarker
  152 FieldName: FieldName . '.' TOK_typefieldreference
  153          | FieldName . '.' TOK_valuefieldreference

    TOK_DEFAULT   shift, and go to state 328
    TOK_OPTIONAL  shift, and go to state 329
    '.'           shift, and go to state 405

    $default  reduce using rule 299 (optMarker)

    optMarker  go to state 406
    Marker     go to state 334


State 332

  109 ClassField: TOK_typefieldreference DefinedObjectClass . optMarker

    TOK_DEFAULT   shift, and go to state 328
    TOK_OPTIONAL  shift, and go to state 329

    $default  reduce using rule 299 (optMarker)

    optMarker  go to state 407
    Marker     go to state 334


State 333

  103 ClassField: TOK_typefieldreference optMarker .

    $default  reduce using rule 103 (ClassField)


State 334

  300 optMarker: Marker .

    $default  reduce using rule 300 (optMarker)


State 335

  104 ClassField: TOK_valuefieldreference Type . optUNIQUE optMarker

    TOK_UNIQUE  shift, and go to state 408

    $default  reduce using rule 99 (optUNIQUE)

    optUNIQUE  go to state 409


State 336

  105 ClassField: TOK_valuefieldreference FieldName . optMarker
  152 FieldName: FieldName . '.' TOK_typefieldreference
  153          | FieldName . '.' TOK_valuefieldreference

    TOK_DEFAULT   shift, and go to state 328
    TOK_OPTIONAL  shift, and go to state 329
    '.'           shift, and go to state 405

    $default  reduce using rule 299 (optMarker)

    optMarker  go to state 410
    Marker     go to state 334


State 337

  106 ClassField: TOK_valuefieldreference DefinedObjectClass . optMarker

    TOK_DEFAULT   shift, and go to state 328
    TOK_OPTIONAL  shift, and go to state 329

    $default  reduce using rule 299 (optMarker)

    optMarker  go to state 411
    Marker     go to state 334


State 338

   98 ObjectClass: TOK_CLASS '{' FieldSpec '}' . optWithSyntax

    TOK_WITH  shift, and go to state 412

    $default  reduce using rule 110 (optWithSyntax)

    optWithSyntax  go to state 413
    WithSyntax     go to state 414


State 339

  102 FieldSpec: FieldSpec ',' . ClassField

    TOK_typefieldreference   shift, and go to state 224
    TOK_valuefieldreference  shift, and go to state 225

    ClassField  go to state 415


State 340

   69 DataTypeReference: TypeRefName '{' ParameterArgumentList '}' TOK_PPEQ ObjectClass .

    $default  reduce using rule 69 (DataTypeReference)


State 341

   68 DataTypeReference: TypeRefName '{' ParameterArgumentList '}' TOK_PPEQ Type .

    $default  reduce using rule 68 (DataTypeReference)


State 342

  234 ElementSetSpec: TOK_ALL TOK_EXCEPT . Elements

    TOK_bstring           shift, and go to state 201
    TOK_cstring           shift, and go to state 202
    TOK_hstring           shift, and go to state 203
    "identifier"          shift, and go to state 15
    "number"              shift, and go to state 204
    "negative number"     shift, and go to state 205
    TOK_realnumber        shift, and go to state 206
    TOK_tuple             shift, and go to state 207
    TOK_quadruple         shift, and go to state 208
    TOK_typereference     shift, and go to state 235
    TOK_capitalreference  shift, and go to state 236
    TOK_FALSE             shift, and go to state 209
    TOK_FROM              shift, and go to state 238
    TOK_INCLUDES          shift, and go to state 239
    TOK_MIN               shift, and go to state 240
    TOK_NULL              shift, and go to state 210
    TOK_PATTERN           shift, and go to state 241
    TOK_SIZE              shift, and go to state 189
    TOK_TRUE              shift, and go to state 211
    TOK_WITH              shift, and go to state 242
    '{'                   shift, and go to state 212
    '('                   shift, and go to state 244

    DefinedType                     go to state 245
    DefinedUntaggedType             go to state 246
    ComplexTypeReference            go to state 158
    Value                           go to state 247
    SimpleValue                     go to state 214
    DefinedValue                    go to state 215
    RestrictedCharacterStringValue  go to state 216
    Elements                        go to state 416
    SubtypeElements                 go to state 254
    PermittedAlphabet               go to state 255
    SizeConstraint                  go to state 256
    PatternConstraint               go to state 257
    ValueRange                      go to state 258
    LowerEndValue                   go to state 259
    SingleValue                     go to state 260
    BitStringValue                  go to state 217
    ContainedSubtype                go to state 261
    InnerTypeConstraints            go to state 262
    SignedNumber                    go to state 218
    RealValue                       go to state 219
    TypeRefName                     go to state 220
    Identifier                      go to state 221
    IdentifierAsReference           go to state 222
    IdentifierAsValue               go to state 223


State 343

  250 PermittedAlphabet: TOK_FROM Constraint .

    $default  reduce using rule 250 (PermittedAlphabet)


State 344

  262 ContainedSubtype: TOK_INCLUDES Type .

    $default  reduce using rule 262 (ContainedSubtype)


State 345

  252 PatternConstraint: TOK_PATTERN TOK_cstring .

    $default  reduce using rule 252 (PatternConstraint)


State 346

  253 PatternConstraint: TOK_PATTERN Identifier .

    $default  reduce using rule 253 (PatternConstraint)


State 347

  264 InnerTypeConstraints: TOK_WITH TOK_COMPONENT . SingleTypeConstraint

    '('  shift, and go to state 191

    Constraint            go to state 417
    SingleTypeConstraint  go to state 418


State 348

  265 InnerTypeConstraints: TOK_WITH TOK_COMPONENTS . MultipleTypeConstraints

    '{'  shift, and go to state 419

    MultipleTypeConstraints  go to state 420
    FullSpecification        go to state 421
    PartialSpecification     go to state 422


State 349

  242 Elements: '(' ElementSetSpec . ')'

    ')'  shift, and go to state 423


State 350

  125 DefinedUntaggedType: DefinedType optManyConstraints .

    $default  reduce using rule 125 (DefinedUntaggedType)


State 351

   62 ValueSet: '{' ElementSetSpecs '}' .

    $default  reduce using rule 62 (ValueSet)


State 352

  231 ElementSetSpecs: ElementSetSpec ',' . "..."
  232                | ElementSetSpec ',' . "..." ',' ElementSetSpec

    "..."  shift, and go to state 424


State 353

  212 UnionMark: '|' .

    $default  reduce using rule 212 (UnionMark)


State 354

  213 UnionMark: TOK_UNION .

    $default  reduce using rule 213 (UnionMark)


State 355

  236 Unions: Unions UnionMark . Intersections

    TOK_bstring           shift, and go to state 201
    TOK_cstring           shift, and go to state 202
    TOK_hstring           shift, and go to state 203
    "identifier"          shift, and go to state 15
    "number"              shift, and go to state 204
    "negative number"     shift, and go to state 205
    TOK_realnumber        shift, and go to state 206
    TOK_tuple             shift, and go to state 207
    TOK_quadruple         shift, and go to state 208
    TOK_typereference     shift, and go to state 235
    TOK_capitalreference  shift, and go to state 236
    TOK_FALSE             shift, and go to state 209
    TOK_FROM              shift, and go to state 238
    TOK_INCLUDES          shift, and go to state 239
    TOK_MIN               shift, and go to state 240
    TOK_NULL              shift, and go to state 210
    TOK_PATTERN           shift, and go to state 241
    TOK_SIZE              shift, and go to state 189
    TOK_TRUE              shift, and go to state 211
    TOK_WITH              shift, and go to state 242
    '{'                   shift, and go to state 212
    '('                   shift, and go to state 244

    DefinedType                     go to state 245
    DefinedUntaggedType             go to state 246
    ComplexTypeReference            go to state 158
    Value                           go to state 247
    SimpleValue                     go to state 214
    DefinedValue                    go to state 215
    RestrictedCharacterStringValue  go to state 216
    Intersections                   go to state 425
    IntersectionElements            go to state 252
    Elements                        go to state 253
    SubtypeElements                 go to state 254
    PermittedAlphabet               go to state 255
    SizeConstraint                  go to state 256
    PatternConstraint               go to state 257
    ValueRange                      go to state 258
    LowerEndValue                   go to state 259
    SingleValue                     go to state 260
    BitStringValue                  go to state 217
    ContainedSubtype                go to state 261
    InnerTypeConstraints            go to state 262
    SignedNumber                    go to state 218
    RealValue                       go to state 219
    TypeRefName                     go to state 220
    Identifier                      go to state 221
    IdentifierAsReference           go to state 222
    IdentifierAsValue               go to state 223


State 356

  214 IntersectionMark: '^' .

    $default  reduce using rule 214 (IntersectionMark)


State 357

  215 IntersectionMark: TOK_INTERSECTION .

    $default  reduce using rule 215 (IntersectionMark)


State 358

  238 Intersections: Intersections IntersectionMark . IntersectionElements

    TOK_bstring           shift, and go to state 201
    TOK_cstring           shift, and go to state 202
    TOK_hstring           shift, and go to state 203
    "identifier"          shift, and go to state 15
    "number"              shift, and go to state 204
    "negative number"     shift, and go to state 205
    TOK_realnumber        shift, and go to state 206
    TOK_tuple             shift, and go to state 207
    TOK_quadruple         shift, and go to state 208
    TOK_typereference     shift, and go to state 235
    TOK_capitalreference  shift, and go to state 236
    TOK_FALSE             shift, and go to state 209
    TOK_FROM              shift, and go to state 238
    TOK_INCLUDES          shift, and go to state 239
    TOK_MIN               shift, and go to state 240
    TOK_NULL              shift, and go to state 210
    TOK_PATTERN           shift, and go to state 241
    TOK_SIZE              shift, and go to state 189
    TOK_TRUE              shift, and go to state 211
    TOK_WITH              shift, and go to state 242
    '{'                   shift, and go to state 212
    '('                   shift, and go to state 244

    DefinedType                     go to state 245
    DefinedUntaggedType             go to state 246
    ComplexTypeReference            go to state 158
    Value                           go to state 247
    SimpleValue                     go to state 214
    DefinedValue                    go to state 215
    RestrictedCharacterStringValue  go to state 216
    IntersectionElements            go to state 426
    Elements                        go to state 253
    SubtypeElements                 go to state 254
    PermittedAlphabet               go to state 255
    SizeConstraint                  go to state 256
    PatternConstraint               go to state 257
    ValueRange                      go to state 258
    LowerEndValue                   go to state 259
    SingleValue                     go to state 260
    BitStringValue                  go to state 217
    ContainedSubtype                go to state 261
    InnerTypeConstraints            go to state 262
    SignedNumber                    go to state 218
    RealValue                       go to state 219
    TypeRefName                     go to state 220
    Identifier                      go to state 221
    IdentifierAsReference           go to state 222
    IdentifierAsValue               go to state 223


State 359

  240 IntersectionElements: Elements TOK_EXCEPT . Elements

    TOK_bstring           shift, and go to state 201
    TOK_cstring           shift, and go to state 202
    TOK_hstring           shift, and go to state 203
    "identifier"          shift, and go to state 15
    "number"              shift, and go to state 204
    "negative number"     shift, and go to state 205
    TOK_realnumber        shift, and go to state 206
    TOK_tuple             shift, and go to state 207
    TOK_quadruple         shift, and go to state 208
    TOK_typereference     shift, and go to state 235
    TOK_capitalreference  shift, and go to state 236
    TOK_FALSE             shift, and go to state 209
    TOK_FROM              shift, and go to state 238
    TOK_INCLUDES          shift, and go to state 239
    TOK_MIN               shift, and go to state 240
    TOK_NULL              shift, and go to state 210
    TOK_PATTERN           shift, and go to state 241
    TOK_SIZE              shift, and go to state 189
    TOK_TRUE              shift, and go to state 211
    TOK_WITH              shift, and go to state 242
    '{'                   shift, and go to state 212
    '('                   shift, and go to state 244

    DefinedType                     go to state 245
    DefinedUntaggedType             go to state 246
    ComplexTypeReference            go to state 158
    Value                           go to state 247
    SimpleValue                     go to state 214
    DefinedValue                    go to state 215
    RestrictedCharacterStringValue  go to state 216
    Elements                        go to state 427
    SubtypeElements                 go to state 254
    PermittedAlphabet               go to state 255
    SizeConstraint                  go to state 256
    PatternConstraint               go to state 257
    ValueRange                      go to state 258
    LowerEndValue                   go to state 259
    SingleValue                     go to state 260
    BitStringValue                  go to state 217
    ContainedSubtype                go to state 261
    InnerTypeConstraints            go to state 262
    SignedNumber                    go to state 218
    RealValue                       go to state 219
    TypeRefName                     go to state 220
    Identifier                      go to state 221
    IdentifierAsReference           go to state 222
    IdentifierAsValue               go to state 223


State 360

  285 ConstraintRangeSpec: ".." .
  286                    | ".." . '<'

    '<'  shift, and go to state 428

    $default  reduce using rule 285 (ConstraintRangeSpec)


State 361

  287 ConstraintRangeSpec: '<' . ".."
  288                    | '<' . ".." '<'

    ".."  shift, and go to state 429


State 362

  254 ValueRange: LowerEndValue ConstraintRangeSpec . UpperEndValue

    TOK_bstring           shift, and go to state 201
    TOK_cstring           shift, and go to state 202
    TOK_hstring           shift, and go to state 203
    "identifier"          shift, and go to state 15
    "number"              shift, and go to state 204
    "negative number"     shift, and go to state 205
    TOK_realnumber        shift, and go to state 206
    TOK_tuple             shift, and go to state 207
    TOK_quadruple         shift, and go to state 208
    TOK_typereference     shift, and go to state 1
    TOK_capitalreference  shift, and go to state 2
    TOK_FALSE             shift, and go to state 209
    TOK_MAX               shift, and go to state 430
    TOK_NULL              shift, and go to state 210
    TOK_TRUE              shift, and go to state 211
    '{'                   shift, and go to state 212

    Value                           go to state 247
    SimpleValue                     go to state 214
    DefinedValue                    go to state 215
    RestrictedCharacterStringValue  go to state 216
    UpperEndValue                   go to state 431
    SingleValue                     go to state 432
    BitStringValue                  go to state 217
    SignedNumber                    go to state 218
    RealValue                       go to state 219
    TypeRefName                     go to state 220
    Identifier                      go to state 221
    IdentifierAsReference           go to state 222
    IdentifierAsValue               go to state 223


State 363

  147 ComplexTypeReferenceAmpList: ComplexTypeReferenceAmpList '.' . ComplexTypeReferenceElement

    TOK_typefieldreference   shift, and go to state 264
    TOK_valuefieldreference  shift, and go to state 265

    ComplexTypeReferenceElement  go to state 433
    PrimitiveFieldReference      go to state 268


State 364

  196 BuiltinType: TOK_ExtValue_BIT_STRING '{' IdentifierList '}' .

    $default  reduce using rule 196 (BuiltinType)


State 365

  304 IdentifierList: IdentifierList ',' . IdentifierElement

    "identifier"  shift, and go to state 15

    IdentifierElement  go to state 434
    Identifier         go to state 273


State 366

  139 ConcreteTypeDeclaration: TOK_ANY TOK_DEFINED TOK_BY Identifier .

    $default  reduce using rule 139 (ConcreteTypeDeclaration)


State 367

  195 BuiltinType: TOK_BIT TOK_STRING '{' NamedBitList . '}'
  311 NamedBitList: NamedBitList . ',' NamedBit

    '}'  shift, and go to state 435
    ','  shift, and go to state 436


State 368

  310 NamedBitList: NamedBit .

    $default  reduce using rule 310 (NamedBitList)


State 369

  312 NamedBit: Identifier . '(' "number" ')'
  313         | Identifier . '(' DefinedValue ')'

    '('  shift, and go to state 437


State 370

  121 ExtensionAndException: "..." '!' . DefinedValue
  122                      | "..." '!' . SignedNumber

    "identifier"          shift, and go to state 15
    "number"              shift, and go to state 204
    "negative number"     shift, and go to state 205
    TOK_typereference     shift, and go to state 1
    TOK_capitalreference  shift, and go to state 2

    DefinedValue           go to state 438
    SignedNumber           go to state 439
    TypeRefName            go to state 220
    Identifier             go to state 221
    IdentifierAsReference  go to state 222
    IdentifierAsValue      go to state 223


State 371

  133 ConcreteTypeDeclaration: TOK_CHOICE '{' AlternativeTypeLists '}' .

    $default  reduce using rule 133 (ConcreteTypeDeclaration)


State 372

   93 AlternativeTypeLists: AlternativeTypeLists ',' . AlternativeType
   94                     | AlternativeTypeLists ',' . TOK_VBracketLeft AlternativeTypeLists TOK_VBracketRight

    TOK_VBracketLeft  shift, and go to state 440
    "identifier"      shift, and go to state 15
    "..."             shift, and go to state 276
    '['               shift, and go to state 104

    $default  reduce using rule 325 (optTag)

    AlternativeType          go to state 441
    ExtensionAndException    go to state 279
    MaybeIndirectTaggedType  go to state 280
    optTag                   go to state 281
    Tag                      go to state 108
    TagTypeValue             go to state 109
    Identifier               go to state 282


State 373

  129 MaybeIndirectTypeDeclaration: NSTD_IndirectMarker . TypeDeclaration

    TOK_typereference        shift, and go to state 143
    TOK_capitalreference     shift, and go to state 144
    TOK_ExtValue_BIT_STRING  shift, and go to state 145
    TOK_ANY                  shift, and go to state 146
    TOK_BIT                  shift, and go to state 147
    TOK_BMPString            shift, and go to state 70
    TOK_BOOLEAN              shift, and go to state 119
    TOK_CHARACTER            shift, and go to state 120
    TOK_CHOICE               shift, and go to state 148
    TOK_EMBEDDED             shift, and go to state 121
    TOK_ENUMERATED           shift, and go to state 149
    TOK_EXTERNAL             shift, and go to state 123
    TOK_GeneralizedTime      shift, and go to state 124
    TOK_GeneralString        shift, and go to state 72
    TOK_GraphicString        shift, and go to state 73
    TOK_IA5String            shift, and go to state 74
    TOK_INSTANCE             shift, and go to state 150
    TOK_INTEGER              shift, and go to state 151
    TOK_ISO646String         shift, and go to state 75
    TOK_NULL                 shift, and go to state 126
    TOK_NumericString        shift, and go to state 76
    TOK_OBJECT               shift, and go to state 127
    TOK_ObjectDescriptor     shift, and go to state 77
    TOK_OCTET                shift, and go to state 128
    TOK_PrintableString      shift, and go to state 78
    TOK_REAL                 shift, and go to state 129
    TOK_RELATIVE_OID         shift, and go to state 130
    TOK_SEQUENCE             shift, and go to state 152
    TOK_SET                  shift, and go to state 153
    TOK_T61String            shift, and go to state 79
    TOK_TeletexString        shift, and go to state 80
    TOK_UniversalString      shift, and go to state 81
    TOK_UTCTime              shift, and go to state 131
    TOK_UTF8String           shift, and go to state 82
    TOK_VideotexString       shift, and go to state 83
    TOK_VisibleString        shift, and go to state 84

    DefinedType                        go to state 154
    TypeDeclaration                    go to state 442
    ConcreteTypeDeclaration            go to state 157
    ComplexTypeReference               go to state 158
    BasicTypeId                        go to state 159
    BasicTypeId_UniverationCompatible  go to state 135
    BuiltinType                        go to state 160
    BasicString                        go to state 136


State 374

  127 MaybeIndirectTaggedType: optTag MaybeIndirectTypeDeclaration . optManyConstraints

    '('  shift, and go to state 191

    $default  reduce using rule 218 (optManyConstraints)

    optManyConstraints  go to state 443
    Constraint          go to state 198
    ManyConstraints     go to state 199


State 375

   95 AlternativeType: Identifier MaybeIndirectTaggedType .

    $default  reduce using rule 95 (AlternativeType)


State 376

  194 BuiltinType: TOK_ENUMERATED '{' Enumerations '}' .

    $default  reduce using rule 194 (BuiltinType)


State 377

  316 UniverationList: UniverationList ',' . UniverationElement

    "identifier"       shift, and go to state 15
    "number"           shift, and go to state 204
    "negative number"  shift, and go to state 205
    "..."              shift, and go to state 283

    UniverationElement  go to state 444
    SignedNumber        go to state 287
    Identifier          go to state 288


State 378

  318 UniverationElement: Identifier '(' . SignedNumber ')'
  319                   | Identifier '(' . DefinedValue ')'

    "identifier"          shift, and go to state 15
    "number"              shift, and go to state 204
    "negative number"     shift, and go to state 205
    TOK_typereference     shift, and go to state 1
    TOK_capitalreference  shift, and go to state 2

    DefinedValue           go to state 445
    SignedNumber           go to state 446
    TypeRefName            go to state 220
    Identifier             go to state 221
    IdentifierAsReference  go to state 222
    IdentifierAsValue      go to state 223


State 379

  193 BuiltinType: TOK_INTEGER '{' NamedNumberList '}' .

    $default  reduce using rule 193 (BuiltinType)


State 380

  307 NamedNumberList: NamedNumberList ',' . NamedNumber

    "identifier"  shift, and go to state 15

    NamedNumber  go to state 447
    Identifier   go to state 292


State 381

  308 NamedNumber: Identifier '(' . SignedNumber ')'
  309            | Identifier '(' . DefinedValue ')'

    "identifier"          shift, and go to state 15
    "number"              shift, and go to state 204
    "negative number"     shift, and go to state 205
    TOK_typereference     shift, and go to state 1
    TOK_capitalreference  shift, and go to state 2

    DefinedValue           go to state 448
    SignedNumber           go to state 449
    TypeRefName            go to state 220
    Identifier             go to state 221
    IdentifierAsReference  go to state 222
    IdentifierAsValue      go to state 223


State 382

   90 ComponentType: TOK_COMPONENTS TOK_OF . MaybeIndirectTaggedType

    '['  shift, and go to state 104

    $default  reduce using rule 325 (optTag)

    MaybeIndirectTaggedType  go to state 450
    optTag                   go to state 281
    Tag                      go to state 108
    TagTypeValue             go to state 109


State 383

  134 ConcreteTypeDeclaration: TOK_SEQUENCE '{' optComponentTypeLists '}' .

    $default  reduce using rule 134 (ConcreteTypeDeclaration)


State 384

   86 ComponentTypeLists: ComponentTypeLists ',' . ComponentType
   87                   | ComponentTypeLists ',' . TOK_VBracketLeft ComponentTypeLists TOK_VBracketRight

    TOK_VBracketLeft  shift, and go to state 451
    "identifier"      shift, and go to state 15
    TOK_COMPONENTS    shift, and go to state 294
    "..."             shift, and go to state 276
    '['               shift, and go to state 104

    $default  reduce using rule 325 (optTag)

    ComponentType            go to state 452
    ExtensionAndException    go to state 298
    MaybeIndirectTaggedType  go to state 299
    optTag                   go to state 281
    Tag                      go to state 108
    TagTypeValue             go to state 109
    Identifier               go to state 300


State 385

   89 ComponentType: MaybeIndirectTaggedType optMarker .

    $default  reduce using rule 89 (ComponentType)


State 386

   88 ComponentType: Identifier MaybeIndirectTaggedType . optMarker

    TOK_DEFAULT   shift, and go to state 328
    TOK_OPTIONAL  shift, and go to state 329

    $default  reduce using rule 299 (optMarker)

    optMarker  go to state 453
    Marker     go to state 334


State 387

  283 UserDefinedConstraint: TOK_CONSTRAINED TOK_BY . '{' $@5 Opaque

    '{'  shift, and go to state 454


State 388

  284 ContentsConstraint: TOK_CONTAINING Type .

    $default  reduce using rule 284 (ContentsConstraint)


State 389

  291 SimpleTableConstraint: '{' TypeRefName . '}'

    '}'  shift, and go to state 455


State 390

  223 Constraint: '(' ConstraintSpec ')' .

    $default  reduce using rule 223 (Constraint)


State 391

  292 ComponentRelationConstraint: SimpleTableConstraint '{' . AtNotationList '}'

    '@'  shift, and go to state 456

    AtNotationList     go to state 457
    AtNotationElement  go to state 458


State 392

  136 ConcreteTypeDeclaration: TOK_SEQUENCE optSizeOrConstraint TOK_OF optIdentifier . optTag MaybeIndirectTypeDeclaration

    '['  shift, and go to state 104

    $default  reduce using rule 325 (optTag)

    optTag        go to state 459
    Tag           go to state 108
    TagTypeValue  go to state 109


State 393

  339 optIdentifier: Identifier .

    $default  reduce using rule 339 (optIdentifier)


State 394

  135 ConcreteTypeDeclaration: TOK_SET '{' optComponentTypeLists '}' .

    $default  reduce using rule 135 (ConcreteTypeDeclaration)


State 395

  137 ConcreteTypeDeclaration: TOK_SET optSizeOrConstraint TOK_OF optIdentifier . optTag MaybeIndirectTypeDeclaration

    '['  shift, and go to state 104

    $default  reduce using rule 325 (optTag)

    optTag        go to state 460
    Tag           go to state 108
    TagTypeValue  go to state 109


State 396

   65 DefinedType: ComplexTypeReference '{' ActualParameterList '}' .

    $default  reduce using rule 65 (DefinedType)


State 397

   78 ActualParameterList: ActualParameterList ',' . ActualParameter

    TOK_bstring              shift, and go to state 201
    TOK_cstring              shift, and go to state 202
    TOK_hstring              shift, and go to state 203
    "identifier"             shift, and go to state 15
    "number"                 shift, and go to state 204
    "negative number"        shift, and go to state 205
    TOK_realnumber           shift, and go to state 206
    TOK_tuple                shift, and go to state 207
    TOK_quadruple            shift, and go to state 208
    TOK_typereference        shift, and go to state 235
    TOK_capitalreference     shift, and go to state 236
    TOK_ExtValue_BIT_STRING  shift, and go to state 145
    TOK_ANY                  shift, and go to state 146
    TOK_BIT                  shift, and go to state 147
    TOK_BMPString            shift, and go to state 70
    TOK_BOOLEAN              shift, and go to state 119
    TOK_CHARACTER            shift, and go to state 120
    TOK_CHOICE               shift, and go to state 148
    TOK_EMBEDDED             shift, and go to state 121
    TOK_ENUMERATED           shift, and go to state 149
    TOK_EXTERNAL             shift, and go to state 123
    TOK_FALSE                shift, and go to state 209
    TOK_GeneralizedTime      shift, and go to state 124
    TOK_GeneralString        shift, and go to state 72
    TOK_GraphicString        shift, and go to state 73
    TOK_IA5String            shift, and go to state 74
    TOK_INSTANCE             shift, and go to state 150
    TOK_INTEGER              shift, and go to state 151
    TOK_ISO646String         shift, and go to state 75
    TOK_NULL                 shift, and go to state 317
    TOK_NumericString        shift, and go to state 76
    TOK_OBJECT               shift, and go to state 127
    TOK_ObjectDescriptor     shift, and go to state 77
    TOK_OCTET                shift, and go to state 128
    TOK_PrintableString      shift, and go to state 78
    TOK_REAL                 shift, and go to state 129
    TOK_RELATIVE_OID         shift, and go to state 130
    TOK_SEQUENCE             shift, and go to state 152
    TOK_SET                  shift, and go to state 153
    TOK_T61String            shift, and go to state 79
    TOK_TeletexString        shift, and go to state 80
    TOK_TRUE                 shift, and go to state 211
    TOK_UniversalString      shift, and go to state 81
    TOK_UTCTime              shift, and go to state 131
    TOK_UTF8String           shift, and go to state 82
    TOK_VideotexString       shift, and go to state 83
    TOK_VisibleString        shift, and go to state 84
    '{'                      shift, and go to state 178

    ValueSet                           go to state 318
    DefinedType                        go to state 154
    ActualParameter                    go to state 461
    UntaggedType                       go to state 321
    TypeDeclaration                    go to state 156
    ConcreteTypeDeclaration            go to state 157
    ComplexTypeReference               go to state 158
    SimpleValue                        go to state 322
    DefinedValue                       go to state 323
    RestrictedCharacterStringValue     go to state 216
    BasicTypeId                        go to state 159
    BasicTypeId_UniverationCompatible  go to state 135
    BuiltinType                        go to state 160
    BasicString                        go to state 136
    BitStringValue                     go to state 217
    SignedNumber                       go to state 218
    RealValue                          go to state 219
    TypeRefName                        go to state 220
    Identifier                         go to state 221
    IdentifierAsReference              go to state 222
    IdentifierAsValue                  go to state 223


State 398

  174 OpaqueFirstToken: TOK_opaque .

    $default  reduce using rule 174 (OpaqueFirstToken)


State 399

  159 Value: '{' $@4 Opaque .
  173 Opaque: Opaque . TOK_opaque

    TOK_opaque  shift, and go to state 462

    $default  reduce using rule 159 (Value)


State 400

  172 Opaque: OpaqueFirstToken .

    $default  reduce using rule 172 (Opaque)


State 401

  175 OpaqueFirstToken: Identifier .

    $default  reduce using rule 175 (OpaqueFirstToken)


State 402

  168 DefinedValue: TypeRefName '.' Identifier .

    $default  reduce using rule 168 (DefinedValue)


State 403

  302 Marker: TOK_DEFAULT Value .

    $default  reduce using rule 302 (Marker)


State 404

  108 ClassField: TOK_typefieldreference Type optMarker .

    $default  reduce using rule 108 (ClassField)


State 405

  152 FieldName: FieldName '.' . TOK_typefieldreference
  153          | FieldName '.' . TOK_valuefieldreference

    TOK_typefieldreference   shift, and go to state 463
    TOK_valuefieldreference  shift, and go to state 464


State 406

  107 ClassField: TOK_typefieldreference FieldName optMarker .

    $default  reduce using rule 107 (ClassField)


State 407

  109 ClassField: TOK_typefieldreference DefinedObjectClass optMarker .

    $default  reduce using rule 109 (ClassField)


State 408

  100 optUNIQUE: TOK_UNIQUE .

    $default  reduce using rule 100 (optUNIQUE)


State 409

  104 ClassField: TOK_valuefieldreference Type optUNIQUE . optMarker

    TOK_DEFAULT   shift, and go to state 328
    TOK_OPTIONAL  shift, and go to state 329

    $default  reduce using rule 299 (optMarker)

    optMarker  go to state 465
    Marker     go to state 334


State 410

  105 ClassField: TOK_valuefieldreference FieldName optMarker .

    $default  reduce using rule 105 (ClassField)


State 411

  106 ClassField: TOK_valuefieldreference DefinedObjectClass optMarker .

    $default  reduce using rule 106 (ClassField)


State 412

  113 WithSyntax: TOK_WITH . TOK_SYNTAX '{' $@3 WithSyntaxList '}'

    TOK_SYNTAX  shift, and go to state 466


State 413

   98 ObjectClass: TOK_CLASS '{' FieldSpec '}' optWithSyntax .

    $default  reduce using rule 98 (ObjectClass)


State 414

  111 optWithSyntax: WithSyntax .

    $default  reduce using rule 111 (optWithSyntax)


State 415

  102 FieldSpec: FieldSpec ',' ClassField .

    $default  reduce using rule 102 (FieldSpec)


State 416

  234 ElementSetSpec: TOK_ALL TOK_EXCEPT Elements .

    $default  reduce using rule 234 (ElementSetSpec)


State 417

  266 SingleTypeConstraint: Constraint .

    $default  reduce using rule 266 (SingleTypeConstraint)


State 418

  264 InnerTypeConstraints: TOK_WITH TOK_COMPONENT SingleTypeConstraint .

    $default  reduce using rule 264 (InnerTypeConstraints)


State 419

  269 FullSpecification: '{' . TypeConstraints '}'
  270 PartialSpecification: '{' . "..." ',' TypeConstraints '}'

    "identifier"  shift, and go to state 15
    "..."         shift, and go to state 467

    TypeConstraints        go to state 468
    NamedConstraint        go to state 469
    Identifier             go to state 221
    IdentifierAsReference  go to state 222
    IdentifierAsValue      go to state 470


State 420

  265 InnerTypeConstraints: TOK_WITH TOK_COMPONENTS MultipleTypeConstraints .

    $default  reduce using rule 265 (InnerTypeConstraints)


State 421

  267 MultipleTypeConstraints: FullSpecification .

    $default  reduce using rule 267 (MultipleTypeConstraints)


State 422

  268 MultipleTypeConstraints: PartialSpecification .

    $default  reduce using rule 268 (MultipleTypeConstraints)


State 423

  242 Elements: '(' ElementSetSpec ')' .

    $default  reduce using rule 242 (Elements)


State 424

  231 ElementSetSpecs: ElementSetSpec ',' "..." .
  232                | ElementSetSpec ',' "..." . ',' ElementSetSpec

    ','  shift, and go to state 471

    $default  reduce using rule 231 (ElementSetSpecs)


State 425

  236 Unions: Unions UnionMark Intersections .
  238 Intersections: Intersections . IntersectionMark IntersectionElements

    '^'               shift, and go to state 356
    TOK_INTERSECTION  shift, and go to state 357

    $default  reduce using rule 236 (Unions)

    IntersectionMark  go to state 358


State 426

  238 Intersections: Intersections IntersectionMark IntersectionElements .

    $default  reduce using rule 238 (Intersections)


State 427

  240 IntersectionElements: Elements TOK_EXCEPT Elements .

    $default  reduce using rule 240 (IntersectionElements)


State 428

  286 ConstraintRangeSpec: ".." '<' .

    $default  reduce using rule 286 (ConstraintRangeSpec)


State 429

  287 ConstraintRangeSpec: '<' ".." .
  288                    | '<' ".." . '<'

    '<'  shift, and go to state 472

    $default  reduce using rule 287 (ConstraintRangeSpec)


State 430

  258 UpperEndValue: TOK_MAX .

    $default  reduce using rule 258 (UpperEndValue)


State 431

  254 ValueRange: LowerEndValue ConstraintRangeSpec UpperEndValue .

    $default  reduce using rule 254 (ValueRange)


State 432

  257 UpperEndValue: SingleValue .

    $default  reduce using rule 257 (UpperEndValue)


State 433

  147 ComplexTypeReferenceAmpList: ComplexTypeReferenceAmpList '.' ComplexTypeReferenceElement .

    $default  reduce using rule 147 (ComplexTypeReferenceAmpList)


State 434

  304 IdentifierList: IdentifierList ',' IdentifierElement .

    $default  reduce using rule 304 (IdentifierList)


State 435

  195 BuiltinType: TOK_BIT TOK_STRING '{' NamedBitList '}' .

    $default  reduce using rule 195 (BuiltinType)


State 436

  311 NamedBitList: NamedBitList ',' . NamedBit

    "identifier"  shift, and go to state 15

    NamedBit    go to state 473
    Identifier  go to state 369


State 437

  312 NamedBit: Identifier '(' . "number" ')'
  313         | Identifier '(' . DefinedValue ')'

    "identifier"          shift, and go to state 15
    "number"              shift, and go to state 474
    TOK_typereference     shift, and go to state 1
    TOK_capitalreference  shift, and go to state 2

    DefinedValue           go to state 475
    TypeRefName            go to state 220
    Identifier             go to state 221
    IdentifierAsReference  go to state 222
    IdentifierAsValue      go to state 223


State 438

  121 ExtensionAndException: "..." '!' DefinedValue .

    $default  reduce using rule 121 (ExtensionAndException)


State 439

  122 ExtensionAndException: "..." '!' SignedNumber .

    $default  reduce using rule 122 (ExtensionAndException)


State 440

   94 AlternativeTypeLists: AlternativeTypeLists ',' TOK_VBracketLeft . AlternativeTypeLists TOK_VBracketRight

    "identifier"  shift, and go to state 15
    "..."         shift, and go to state 276
    '['           shift, and go to state 104

    $default  reduce using rule 325 (optTag)

    AlternativeTypeLists     go to state 476
    AlternativeType          go to state 278
    ExtensionAndException    go to state 279
    MaybeIndirectTaggedType  go to state 280
    optTag                   go to state 281
    Tag                      go to state 108
    TagTypeValue             go to state 109
    Identifier               go to state 282


State 441

   93 AlternativeTypeLists: AlternativeTypeLists ',' AlternativeType .

    $default  reduce using rule 93 (AlternativeTypeLists)


State 442

  129 MaybeIndirectTypeDeclaration: NSTD_IndirectMarker TypeDeclaration .

    $default  reduce using rule 129 (MaybeIndirectTypeDeclaration)


State 443

  127 MaybeIndirectTaggedType: optTag MaybeIndirectTypeDeclaration optManyConstraints .

    $default  reduce using rule 127 (MaybeIndirectTaggedType)


State 444

  316 UniverationList: UniverationList ',' UniverationElement .

    $default  reduce using rule 316 (UniverationList)


State 445

  319 UniverationElement: Identifier '(' DefinedValue . ')'

    ')'  shift, and go to state 477


State 446

  318 UniverationElement: Identifier '(' SignedNumber . ')'

    ')'  shift, and go to state 478


State 447

  307 NamedNumberList: NamedNumberList ',' NamedNumber .

    $default  reduce using rule 307 (NamedNumberList)


State 448

  309 NamedNumber: Identifier '(' DefinedValue . ')'

    ')'  shift, and go to state 479


State 449

  308 NamedNumber: Identifier '(' SignedNumber . ')'

    ')'  shift, and go to state 480


State 450

   90 ComponentType: TOK_COMPONENTS TOK_OF MaybeIndirectTaggedType .

    $default  reduce using rule 90 (ComponentType)


State 451

   87 ComponentTypeLists: ComponentTypeLists ',' TOK_VBracketLeft . ComponentTypeLists TOK_VBracketRight

    "identifier"    shift, and go to state 15
    TOK_COMPONENTS  shift, and go to state 294
    "..."           shift, and go to state 276
    '['             shift, and go to state 104

    $default  reduce using rule 325 (optTag)

    ComponentTypeLists       go to state 481
    ComponentType            go to state 297
    ExtensionAndException    go to state 298
    MaybeIndirectTaggedType  go to state 299
    optTag                   go to state 281
    Tag                      go to state 108
    TagTypeValue             go to state 109
    Identifier               go to state 300


State 452

   86 ComponentTypeLists: ComponentTypeLists ',' ComponentType .

    $default  reduce using rule 86 (ComponentTypeLists)


State 453

   88 ComponentType: Identifier MaybeIndirectTaggedType optMarker .

    $default  reduce using rule 88 (ComponentType)


State 454

  283 UserDefinedConstraint: TOK_CONSTRAINED TOK_BY '{' . $@5 Opaque

    $default  reduce using rule 282 ($@5)

    $@5  go to state 482


State 455

  291 SimpleTableConstraint: '{' TypeRefName '}' .

    $default  reduce using rule 291 (SimpleTableConstraint)


State 456

  295 AtNotationElement: '@' . ComponentIdList
  296                  | '@' . '.' ComponentIdList

    "identifier"  shift, and go to state 15
    '.'           shift, and go to state 483

    ComponentIdList  go to state 484
    Identifier       go to state 485


State 457

  292 ComponentRelationConstraint: SimpleTableConstraint '{' AtNotationList . '}'
  294 AtNotationList: AtNotationList . ',' AtNotationElement

    '}'  shift, and go to state 486
    ','  shift, and go to state 487


State 458

  293 AtNotationList: AtNotationElement .

    $default  reduce using rule 293 (AtNotationList)


State 459

  136 ConcreteTypeDeclaration: TOK_SEQUENCE optSizeOrConstraint TOK_OF optIdentifier optTag . MaybeIndirectTypeDeclaration

    $default  reduce using rule 128 (NSTD_IndirectMarker)

    NSTD_IndirectMarker           go to state 373
    MaybeIndirectTypeDeclaration  go to state 488


State 460

  137 ConcreteTypeDeclaration: TOK_SET optSizeOrConstraint TOK_OF optIdentifier optTag . MaybeIndirectTypeDeclaration

    $default  reduce using rule 128 (NSTD_IndirectMarker)

    NSTD_IndirectMarker           go to state 373
    MaybeIndirectTypeDeclaration  go to state 489


State 461

   78 ActualParameterList: ActualParameterList ',' ActualParameter .

    $default  reduce using rule 78 (ActualParameterList)


State 462

  173 Opaque: Opaque TOK_opaque .

    $default  reduce using rule 173 (Opaque)


State 463

  152 FieldName: FieldName '.' TOK_typefieldreference .

    $default  reduce using rule 152 (FieldName)


State 464

  153 FieldName: FieldName '.' TOK_valuefieldreference .

    $default  reduce using rule 153 (FieldName)


State 465

  104 ClassField: TOK_valuefieldreference Type optUNIQUE optMarker .

    $default  reduce using rule 104 (ClassField)


State 466

  113 WithSyntax: TOK_WITH TOK_SYNTAX . '{' $@3 WithSyntaxList '}'

    '{'  shift, and go to state 490


State 467

  270 PartialSpecification: '{' "..." . ',' TypeConstraints '}'

    ','  shift, and go to state 491


State 468

  269 FullSpecification: '{' TypeConstraints . '}'
  272 TypeConstraints: TypeConstraints . ',' NamedConstraint

    '}'  shift, and go to state 492
    ','  shift, and go to state 493


State 469

  271 TypeConstraints: NamedConstraint .

    $default  reduce using rule 271 (TypeConstraints)


State 470

  273 NamedConstraint: IdentifierAsValue . optConstraint optPresenceConstraint

    '('  shift, and go to state 191

    $default  reduce using rule 216 (optConstraint)

    optConstraint  go to state 494
    Constraint     go to state 495


State 471

  232 ElementSetSpecs: ElementSetSpec ',' "..." ',' . ElementSetSpec

    TOK_bstring           shift, and go to state 201
    TOK_cstring           shift, and go to state 202
    TOK_hstring           shift, and go to state 203
    "identifier"          shift, and go to state 15
    "number"              shift, and go to state 204
    "negative number"     shift, and go to state 205
    TOK_realnumber        shift, and go to state 206
    TOK_tuple             shift, and go to state 207
    TOK_quadruple         shift, and go to state 208
    TOK_typereference     shift, and go to state 235
    TOK_capitalreference  shift, and go to state 236
    TOK_ALL               shift, and go to state 237
    TOK_FALSE             shift, and go to state 209
    TOK_FROM              shift, and go to state 238
    TOK_INCLUDES          shift, and go to state 239
    TOK_MIN               shift, and go to state 240
    TOK_NULL              shift, and go to state 210
    TOK_PATTERN           shift, and go to state 241
    TOK_SIZE              shift, and go to state 189
    TOK_TRUE              shift, and go to state 211
    TOK_WITH              shift, and go to state 242
    '{'                   shift, and go to state 212
    '('                   shift, and go to state 244

    DefinedType                     go to state 245
    DefinedUntaggedType             go to state 246
    ComplexTypeReference            go to state 158
    Value                           go to state 247
    SimpleValue                     go to state 214
    DefinedValue                    go to state 215
    RestrictedCharacterStringValue  go to state 216
    ElementSetSpec                  go to state 496
    Unions                          go to state 250
    Intersections                   go to state 251
    IntersectionElements            go to state 252
    Elements                        go to state 253
    SubtypeElements                 go to state 254
    PermittedAlphabet               go to state 255
    SizeConstraint                  go to state 256
    PatternConstraint               go to state 257
    ValueRange                      go to state 258
    LowerEndValue                   go to state 259
    SingleValue                     go to state 260
    BitStringValue                  go to state 217
    ContainedSubtype                go to state 261
    InnerTypeConstraints            go to state 262
    SignedNumber                    go to state 218
    RealValue                       go to state 219
    TypeRefName                     go to state 220
    Identifier                      go to state 221
    IdentifierAsReference           go to state 222
    IdentifierAsValue               go to state 223


State 472

  288 ConstraintRangeSpec: '<' ".." '<' .

    $default  reduce using rule 288 (ConstraintRangeSpec)


State 473

  311 NamedBitList: NamedBitList ',' NamedBit .

    $default  reduce using rule 311 (NamedBitList)


State 474

  312 NamedBit: Identifier '(' "number" . ')'

    ')'  shift, and go to state 497


State 475

  313 NamedBit: Identifier '(' DefinedValue . ')'

    ')'  shift, and go to state 498


State 476

   93 AlternativeTypeLists: AlternativeTypeLists . ',' AlternativeType
   94                     | AlternativeTypeLists . ',' TOK_VBracketLeft AlternativeTypeLists TOK_VBracketRight
   94                     | AlternativeTypeLists ',' TOK_VBracketLeft AlternativeTypeLists . TOK_VBracketRight

    TOK_VBracketRight  shift, and go to state 499
    ','                shift, and go to state 372


State 477

  319 UniverationElement: Identifier '(' DefinedValue ')' .

    $default  reduce using rule 319 (UniverationElement)


State 478

  318 UniverationElement: Identifier '(' SignedNumber ')' .

    $default  reduce using rule 318 (UniverationElement)


State 479

  309 NamedNumber: Identifier '(' DefinedValue ')' .

    $default  reduce using rule 309 (NamedNumber)


State 480

  308 NamedNumber: Identifier '(' SignedNumber ')' .

    $default  reduce using rule 308 (NamedNumber)


State 481

   86 ComponentTypeLists: ComponentTypeLists . ',' ComponentType
   87                   | ComponentTypeLists . ',' TOK_VBracketLeft ComponentTypeLists TOK_VBracketRight
   87                   | ComponentTypeLists ',' TOK_VBracketLeft ComponentTypeLists . TOK_VBracketRight

    TOK_VBracketRight  shift, and go to state 500
    ','                shift, and go to state 384


State 482

  283 UserDefinedConstraint: TOK_CONSTRAINED TOK_BY '{' $@5 . Opaque

    TOK_opaque    shift, and go to state 398
    "identifier"  shift, and go to state 15

    Opaque            go to state 501
    OpaqueFirstToken  go to state 400
    Identifier        go to state 401


State 483

  296 AtNotationElement: '@' '.' . ComponentIdList

    "identifier"  shift, and go to state 15

    ComponentIdList  go to state 502
    Identifier       go to state 485


State 484

  295 AtNotationElement: '@' ComponentIdList .
  298 ComponentIdList: ComponentIdList . '.' Identifier

    '.'  shift, and go to state 503

    $default  reduce using rule 295 (AtNotationElement)


State 485

  297 ComponentIdList: Identifier .

    $default  reduce using rule 297 (ComponentIdList)


State 486

  292 ComponentRelationConstraint: SimpleTableConstraint '{' AtNotationList '}' .

    $default  reduce using rule 292 (ComponentRelationConstraint)


State 487

  294 AtNotationList: AtNotationList ',' . AtNotationElement

    '@'  shift, and go to state 456

    AtNotationElement  go to state 504


State 488

  136 ConcreteTypeDeclaration: TOK_SEQUENCE optSizeOrConstraint TOK_OF optIdentifier optTag MaybeIndirectTypeDeclaration .

    $default  reduce using rule 136 (ConcreteTypeDeclaration)


State 489

  137 ConcreteTypeDeclaration: TOK_SET optSizeOrConstraint TOK_OF optIdentifier optTag MaybeIndirectTypeDeclaration .

    $default  reduce using rule 137 (ConcreteTypeDeclaration)


State 490

  113 WithSyntax: TOK_WITH TOK_SYNTAX '{' . $@3 WithSyntaxList '}'

    $default  reduce using rule 112 ($@3)

    $@3  go to state 505


State 491

  270 PartialSpecification: '{' "..." ',' . TypeConstraints '}'

    "identifier"  shift, and go to state 15

    TypeConstraints        go to state 506
    NamedConstraint        go to state 469
    Identifier             go to state 221
    IdentifierAsReference  go to state 222
    IdentifierAsValue      go to state 470


State 492

  269 FullSpecification: '{' TypeConstraints '}' .

    $default  reduce using rule 269 (FullSpecification)


State 493

  272 TypeConstraints: TypeConstraints ',' . NamedConstraint

    "identifier"  shift, and go to state 15

    NamedConstraint        go to state 507
    Identifier             go to state 221
    IdentifierAsReference  go to state 222
    IdentifierAsValue      go to state 470


State 494

  273 NamedConstraint: IdentifierAsValue optConstraint . optPresenceConstraint

    TOK_ABSENT    shift, and go to state 508
    TOK_OPTIONAL  shift, and go to state 509
    TOK_PRESENT   shift, and go to state 510

    $default  reduce using rule 274 (optPresenceConstraint)

    optPresenceConstraint  go to state 511
    PresenceConstraint     go to state 512


State 495

  217 optConstraint: Constraint .

    $default  reduce using rule 217 (optConstraint)


State 496

  232 ElementSetSpecs: ElementSetSpec ',' "..." ',' ElementSetSpec .

    $default  reduce using rule 232 (ElementSetSpecs)


State 497

  312 NamedBit: Identifier '(' "number" ')' .

    $default  reduce using rule 312 (NamedBit)


State 498

  313 NamedBit: Identifier '(' DefinedValue ')' .

    $default  reduce using rule 313 (NamedBit)


State 499

   94 AlternativeTypeLists: AlternativeTypeLists ',' TOK_VBracketLeft AlternativeTypeLists TOK_VBracketRight .

    $default  reduce using rule 94 (AlternativeTypeLists)


State 500

   87 ComponentTypeLists: ComponentTypeLists ',' TOK_VBracketLeft ComponentTypeLists TOK_VBracketRight .

    $default  reduce using rule 87 (ComponentTypeLists)


State 501

  173 Opaque: Opaque . TOK_opaque
  283 UserDefinedConstraint: TOK_CONSTRAINED TOK_BY '{' $@5 Opaque .

    TOK_opaque  shift, and go to state 462

    $default  reduce using rule 283 (UserDefinedConstraint)


State 502

  296 AtNotationElement: '@' '.' ComponentIdList .
  298 ComponentIdList: ComponentIdList . '.' Identifier

    '.'  shift, and go to state 503

    $default  reduce using rule 296 (AtNotationElement)


State 503

  298 ComponentIdList: ComponentIdList '.' . Identifier

    "identifier"  shift, and go to state 15

    Identifier  go to state 513


State 504

  294 AtNotationList: AtNotationList ',' AtNotationElement .

    $default  reduce using rule 294 (AtNotationList)


State 505

  113 WithSyntax: TOK_WITH TOK_SYNTAX '{' $@3 . WithSyntaxList '}'

    TOK_whitespace           shift, and go to state 514
    TOK_typefieldreference   shift, and go to state 264
    TOK_valuefieldreference  shift, and go to state 265
    TOK_Literal              shift, and go to state 515
    '['                      shift, and go to state 516

    WithSyntaxList           go to state 517
    WithSyntaxToken          go to state 518
    PrimitiveFieldReference  go to state 519


State 506

  270 PartialSpecification: '{' "..." ',' TypeConstraints . '}'
  272 TypeConstraints: TypeConstraints . ',' NamedConstraint

    '}'  shift, and go to state 520
    ','  shift, and go to state 493


State 507

  272 TypeConstraints: TypeConstraints ',' NamedConstraint .

    $default  reduce using rule 272 (TypeConstraints)


State 508

  277 PresenceConstraint: TOK_ABSENT .

    $default  reduce using rule 277 (PresenceConstraint)


State 509

  278 PresenceConstraint: TOK_OPTIONAL .

    $default  reduce using rule 278 (PresenceConstraint)


State 510

  276 PresenceConstraint: TOK_PRESENT .

    $default  reduce using rule 276 (PresenceConstraint)


State 511

  273 NamedConstraint: IdentifierAsValue optConstraint optPresenceConstraint .

    $default  reduce using rule 273 (NamedConstraint)


State 512

  275 optPresenceConstraint: PresenceConstraint .

    $default  reduce using rule 275 (optPresenceConstraint)


State 513

  298 ComponentIdList: ComponentIdList '.' Identifier .

    $default  reduce using rule 298 (ComponentIdList)


State 514

  116 WithSyntaxToken: TOK_whitespace .

    $default  reduce using rule 116 (WithSyntaxToken)


State 515

  117 WithSyntaxToken: TOK_Literal .

    $default  reduce using rule 117 (WithSyntaxToken)


State 516

  119 WithSyntaxToken: '[' . WithSyntaxList ']'

    TOK_whitespace           shift, and go to state 514
    TOK_typefieldreference   shift, and go to state 264
    TOK_valuefieldreference  shift, and go to state 265
    TOK_Literal              shift, and go to state 515
    '['                      shift, and go to state 516

    WithSyntaxList           go to state 521
    WithSyntaxToken          go to state 518
    PrimitiveFieldReference  go to state 519


State 517

  113 WithSyntax: TOK_WITH TOK_SYNTAX '{' $@3 WithSyntaxList . '}'
  115 WithSyntaxList: WithSyntaxList . WithSyntaxToken

    TOK_whitespace           shift, and go to state 514
    TOK_typefieldreference   shift, and go to state 264
    TOK_valuefieldreference  shift, and go to state 265
    TOK_Literal              shift, and go to state 515
    '}'                      shift, and go to state 522
    '['                      shift, and go to state 516

    WithSyntaxToken          go to state 523
    PrimitiveFieldReference  go to state 519


State 518

  114 WithSyntaxList: WithSyntaxToken .

    $default  reduce using rule 114 (WithSyntaxList)


State 519

  118 WithSyntaxToken: PrimitiveFieldReference .

    $default  reduce using rule 118 (WithSyntaxToken)


State 520

  270 PartialSpecification: '{' "..." ',' TypeConstraints '}' .

    $default  reduce using rule 270 (PartialSpecification)


State 521

  115 WithSyntaxList: WithSyntaxList . WithSyntaxToken
  119 WithSyntaxToken: '[' WithSyntaxList . ']'

    TOK_whitespace           shift, and go to state 514
    TOK_typefieldreference   shift, and go to state 264
    TOK_valuefieldreference  shift, and go to state 265
    TOK_Literal              shift, and go to state 515
    '['                      shift, and go to state 516
    ']'                      shift, and go to state 524

    WithSyntaxToken          go to state 523
    PrimitiveFieldReference  go to state 519


State 522

  113 WithSyntax: TOK_WITH TOK_SYNTAX '{' $@3 WithSyntaxList '}' .

    $default  reduce using rule 113 (WithSyntax)


State 523

  115 WithSyntaxList: WithSyntaxList WithSyntaxToken .

    $default  reduce using rule 115 (WithSyntaxList)


State 524

  119 WithSyntaxToken: '[' WithSyntaxList ']' .

    $default  reduce using rule 119 (WithSyntaxToken)
